region	network	event_id	magnitude	event_date	event_time	place	stations_200km	stations_300km	existing_data_status	workflow_status	download_status	obs_validation_status	process_status	plot_status	quality_status	quality_station_count	quality_ok_stations	quality_warn_stations	quality_fail_stations	station_health_ratio	requested_stations	obs_files	kin_files	plot_files	cleanup_status	pride_cleanup_status	obs_cleanup_status	duration_seconds	workflow_dir	summary_json	collection_status	export_event_dir	export_region	export_country	export_network	export_station_count	export_ok_station_count	export_warn_station_count	export_waveform_rows	export_event_grade	export_quality_filter	export_stations	export_package_status
US	EarthScope	us6000t7zp	7.5	2026-06-24	2026-06-24T22:05:11.566000Z	28 km SE of Yumare, Venezuela			HAS_NORMALIZED	DONE	OK	OK	OK		OK	29	16	13	0	1.0	29	29	29						runs/us6000t7zp/workflow-20260624T220511Z	runs/us6000t7zp/workflow-20260624T220511Z/reports/workflow-summary.json	EXPORTED	us-us6000t7zp-m7-5-20260624-28-km-se-of-yumare-venezuela	Americas	Venezuela	EarthScope	29	16	13	1526340	B	quality_status in OK,WARN	AGPR AIRS BARA CN03 CN04 CN05 CN06 CN40 CN46 CN47 CN48 CN57 CN62 ECPR EMPR GEOL HUPR IGPR OLVN P780 PDPR PRSN RCHY RDON RDSD SBPR SPED STVI TRNT	COMPLETE
US	EarthScope	us6000t7zc	7.2	2026-06-24	2026-06-24T22:04:33.389000Z	23 km SE of Yumare, Venezuela			HAS_NORMALIZED	DONE	OK	OK	OK		OK	29	16	13	0	1.0	29	29	29						runs/us6000t7zc/workflow-20260624T220433Z	runs/us6000t7zc/workflow-20260624T220433Z/reports/workflow-summary.json	EXPORTED	us-us6000t7zc-m7-2-20260624-23-km-se-of-yumare-venezuela	Americas	Venezuela	EarthScope	29	16	13	1529532	B	quality_status in OK,WARN	AGPR AIRS BARA CN03 CN04 CN05 CN06 CN40 CN46 CN47 CN48 CN57 CN62 ECPR EMPR GEOL HUPR IGPR OLVN P780 PDPR PRSN RCHY RDON RDSD SBPR SPED STVI TRNT	COMPLETE
US	EarthScope	us6000sy84	6.0	2026-05-16	2026-05-16T14:50:05.533Z	61 km ESE of Codrington, Antigua and Barbuda			HAS_NORMALIZED	DONE	OK	OK	OK		OK	12	3	9	0	1.0	12	12	12						/home/lihe/study/eq_collect/gnss-earthscope-pipeline/runs/us6000sy84/workflow-20260516T145005Z	/home/lihe/study/eq_collect/gnss-earthscope-pipeline/runs/us6000sy84/workflow-20260516T145005Z/reports/workflow-summary.json	EXPORTED	us-us6000sy84-m6-20260516-61-km-ese-of-codrington-antigua-and-barbuda	Americas	Antigua and Barbuda	EarthScope	12	3	9	773031	B	quality_status in OK,WARN	AIRS BGGY CN01 CN48 CN58 CN59 CN62 NWBL OLVN RCHY RDON TRNT	COMPLETE
AU	Geoscience Australia	us7000s8q0	7.3	2026-03-30	2026-03-30T08:44:13.780Z	51 km ENE of Luganville, Vanuatu			HAS_NORMALIZED	DONE	OK	OK	OK		OK	1	1	0	0	1.0	1	1	1						/home/lihe/study/eq_collect/gnss-earthscope-pipeline/runs/us7000s8q0/workflow-20260330T084413Z	/home/lihe/study/eq_collect/gnss-earthscope-pipeline/runs/us7000s8q0/workflow-20260330T084413Z/reports/workflow-summary.json	EXPORTED	au-us7000s8q0-m7-3-20260330-51-km-ene-of-luganville-vanuatu	Americas	Americas	EarthScope	1	1	0	2703	C	quality_status in OK,WARN	PTVL	COMPLETE
US	EarthScope	us6000sayv	6.0	2026-02-23	2026-02-23T05:11:48.410000Z	96 km SW of Nikolski, Alaska	1	2	HAS_NORMALIZED	DONE	OK	OK	OK		OK	2	2	0	0	1.0	2	2	2						/home/lihe/study/eq_collect/gnss-earthscope-pipeline/runs/us6000sayv/workflow-20260223T051148Z	/home/lihe/study/eq_collect/gnss-earthscope-pipeline/runs/us6000sayv/workflow-20260223T051148Z/reports/workflow-summary.json	EXPORTED	us-us6000sayv-m6-20260223-96-km-sw-of-nikolski-alaska	US	United States	EarthScope	2	2	0	129606	C	quality_status in OK,WARN	AB02 AV09	COMPLETE
US	EarthScope	us7000rq0d	6.0	2026-01-16	2026-01-16T03:25:53.034000Z	off the coast of Oregon	0	1	HAS_NORMALIZED	DONE	OK	OK	OK		OK	1	1	0	0	1.0	1	1	1						/home/lihe/study/eq_collect/gnss-earthscope-pipeline/runs/us7000rq0d/workflow-20260116T032553Z	/home/lihe/study/eq_collect/gnss-earthscope-pipeline/runs/us7000rq0d/workflow-20260116T032553Z/reports/workflow-summary.json	EXPORTED	us-us7000rq0d-m6-20260116-off-the-coast-of-oregon	US	United States	EarthScope	1	1	0	64803	C	quality_status in OK,WARN	CABL	COMPLETE
US	EarthScope	us7000rm3k	6.5	2026-01-02	2026-01-02T13:58:15.741Z	0 km W of San Marcos, Mexico			HAS_NORMALIZED	DONE	OK	OK	OK		OK	1	1	0	0	1.0	1	1	1						/home/lihe/study/eq_collect/gnss-earthscope-pipeline/runs/us7000rm3k/workflow-20260102T135815Z	/home/lihe/study/eq_collect/gnss-earthscope-pipeline/runs/us7000rm3k/workflow-20260102T135815Z/reports/workflow-summary.json	EXPORTED	us-us7000rm3k-m6-5-20260102-0-km-w-of-san-marcos-mexico	Americas	Mexico	EarthScope	1	1	0	64803	C	quality_status in OK,WARN	TNAT	COMPLETE
US	EarthScope	us6000rsy1	7.0	2025-12-06	2025-12-06T20:41:49.288000Z	2025 Hubbard Glacier Earthquake	0	2	HAS_NORMALIZED	DONE	OK	OK	OK		OK	1	0	1	0	1.0	1	1	1						/home/lihe/study/eq_collect/gnss-earthscope-pipeline/runs/us6000rsy1/workflow-20251206T204149Z	/home/lihe/study/eq_collect/gnss-earthscope-pipeline/runs/us6000rsy1/workflow-20251206T204149Z/reports/workflow-summary.json	EXPORTED	us-us6000rsy1-m7-20251206-2025-hubbard-glacier-earthquake	US	United States	EarthScope	1	0	1	64791	C	quality_status in OK,WARN	AB44	COMPLETE
US	EarthScope	ak2025xjbvhj	6.0	2025-11-27	2025-11-27T17:11:29.059000Z	12 km WNW of Susitna, Alaska	10	24	HAS_NORMALIZED	DONE	OK	PARTIAL	OK	OK	OK	8	7	1	0	0.875	10	8	8	16	OK	OK	OK	4099	/home/lihe/study/eq_collect/gnss-earthscope-pipeline/runs/ak2025xjbvhj/workflow-20251127T171129Z	/home/lihe/study/eq_collect/gnss-earthscope-pipeline/runs/ak2025xjbvhj/workflow-20251127T171129Z/reports/workflow-summary.json	EXPORTED	us-ak2025xjbvhj-m6-0-20251127-12-km-wnw-of-susitna-alaska	US	United States	EarthScope	7	7	0	453621	B	quality_status in OK,WARN	AC11 AC15 AC20 AC32 AC75 AC81 ATW2	COMPLETE
US	EarthScope	us6000rjq8	6.5	2025-10-27	2025-10-27T12:38:40.364Z	164 km E of Beauséjour, Guadeloupe			HAS_NORMALIZED	DONE	OK	OK	OK		OK	7	3	4	0	1.0	7	7	7						/home/lihe/study/eq_collect/gnss-earthscope-pipeline/runs/us6000rjq8/workflow-20251027T123840Z	/home/lihe/study/eq_collect/gnss-earthscope-pipeline/runs/us6000rjq8/workflow-20251027T123840Z/reports/workflow-summary.json	EXPORTED	us-us6000rjq8-m6-5-20251027-164-km-e-of-beaus-jour-guadeloupe	Americas	Guadeloupe	EarthScope	7	3	4	453282	B	quality_status in OK,WARN	AIRS BGGY CN01 CN48 CN62 NWBL RCHY	COMPLETE
US	EarthScope	us6000r3at	6.0	2025-08-23	2025-08-23T09:14:22.210Z	88 km SW of Acajutla, El Salvador			HAS_NORMALIZED	DONE	OK	OK	OK		OK	1	0	1	0	1.0	1	1	1						/home/lihe/study/eq_collect/gnss-earthscope-pipeline/runs/us6000r3at/workflow-20250823T091422Z	/home/lihe/study/eq_collect/gnss-earthscope-pipeline/runs/us6000r3at/workflow-20250823T091422Z/reports/workflow-summary.json	EXPORTED	us-us6000r3at-m6-20250823-88-km-sw-of-acajutla-el-salvador	Americas	El Salvador	EarthScope	1	0	1	64800	C	quality_status in OK,WARN	SSIA	COMPLETE
US	EarthScope	us7000qe51	6.2	2025-07-20	2025-07-20T22:28:00.041000Z	91 km SSE of Sand Point, Alaska	6	7	HAS_NORMALIZED	DONE	OK	OK	OK	OK	OK	6	6	0	0	1.0	6	6	6	12	OK	OK	OK	1247	/home/lihe/study/eq_collect/gnss-earthscope-pipeline/runs/us7000qe51/workflow-20250720T222800Z	/home/lihe/study/eq_collect/gnss-earthscope-pipeline/runs/us7000qe51/workflow-20250720T222800Z/reports/workflow-summary.json	EXPORTED	us-us7000qe51-m6-2-20250720-91-km-sse-of-sand-point-alaska	US	United States	EarthScope	6	6	0	293760	B	quality_status in OK,WARN	AB07 AC12 AC21 AC25 AC28 AC42	COMPLETE
US	EarthScope	us7000qd1y	7.3	2025-07-16	2025-07-16T20:37:41.667000Z	2025 Sand Point, Alaska Earthquake	6	15	HAS_NORMALIZED																						CURRENT_ONLY												NOT_IN_MANIFEST
US	EarthScope	us7000qclp	6.2	2025-07-14	2025-07-14T17:16:49.051Z	206 km S of Burica, Panama			HAS_NORMALIZED	DONE	OK	OK	OK		OK	1	0	1	0	1.0	1	1	1						/home/lihe/study/eq_collect/gnss-earthscope-pipeline/runs/us7000qclp/workflow-20250714T171649Z	/home/lihe/study/eq_collect/gnss-earthscope-pipeline/runs/us7000qclp/workflow-20250714T171649Z/reports/workflow-summary.json	EXPORTED	us-us7000qclp-m6-2-20250714-206-km-s-of-burica-panama	Americas	Panama	EarthScope	1	0	1	64728	C	quality_status in OK,WARN	PTPP	COMPLETE
NZ	GeoNet	2025p506857	6.1	2025-07-07	2025-07-07T12:53:41Z	120 km north-west of Snares Islands	1	5	HAS_NORMALIZED	DONE	OK	OK	OK	OK	OK	5	5	0	0	1.0	5	5	5	10	OK	OK	OK	810	/home/lihe/study/eq_collect/gnss-earthscope-pipeline/runs/2025p506857/workflow-20250707T125341Z	/home/lihe/study/eq_collect/gnss-earthscope-pipeline/runs/2025p506857/workflow-20250707T125341Z/reports/workflow-summary.json	EXPORTED	nz-2025p506857-m6-1-20250707-120-km-north-west-of-snares-islands	Americas	Americas	EarthScope	5	5	0	96615	B	quality_status in OK,WARN	BLUF MAVL PYGR SCTY SSFT	COMPLETE
AU	Geoscience Australia	us7000pvtr	6.8	2025-04-29	2025-04-29T14:53:37.897Z	Macquarie Island region			HAS_NORMALIZED	DONE	OK	OK	OK		OK	1	1	0	0	1.0	1	1	1						/home/lihe/study/eq_collect/gnss-earthscope-pipeline/runs/us7000pvtr/workflow-20250429T145337Z	/home/lihe/study/eq_collect/gnss-earthscope-pipeline/runs/us7000pvtr/workflow-20250429T145337Z/reports/workflow-summary.json	EXPORTED	au-us7000pvtr-m6-8-20250429-macquarie-island-region	Americas	Americas	EarthScope	1	1	0	2499	C	quality_status in OK,WARN	MAC1	COMPLETE
NZ	GeoNet	2025p224518	6.8	2025-03-25	2025-03-25T01:43:09Z	155 km north-west of Snares Islands	1	3	HAS_NORMALIZED	DONE	OK	OK	OK	OK	OK	3	3	0	0	1.0	3	3	3	6				343	/home/lihe/study/eq_collect/gnss-earthscope-pipeline/runs/2025p224518/workflow-20250325T014309Z	/home/lihe/study/eq_collect/gnss-earthscope-pipeline/runs/2025p224518/workflow-20250325T014309Z/reports/workflow-summary.json	EXPORTED	nz-2025p224518-m6-8-20250325-155-km-north-west-of-snares-islands	Americas	Americas	EarthScope	3	3	0	55710	B	quality_status in OK,WARN	BLUF MAVL PYGR	COMPLETE
US	EarthScope	us7000pllu	6.2	2025-03-21	2025-03-21T14:53:41.774000Z	88 km SSE of Adak, Alaska	1	1	HAS_NORMALIZED	DONE	OK	OK	OK		OK	1	1	0	0	1.0	1	1	1						/home/lihe/study/eq_collect/gnss-earthscope-pipeline/runs/us7000pllu/workflow-20250321T145341Z	/home/lihe/study/eq_collect/gnss-earthscope-pipeline/runs/us7000pllu/workflow-20250321T145341Z/reports/workflow-summary.json	EXPORTED	us-us7000pllu-m6-2-20250321-88-km-sse-of-adak-alaska	US	United States	EarthScope	1	1	0	64803	C	quality_status in OK,WARN	AB01	COMPLETE
US	EarthScope	us7000pllt	6.2	2025-03-21	2025-03-21T14:50:51.364Z	124 km SSE of Burica, Panama			HAS_NORMALIZED	DONE	OK	OK	OK		OK	4	2	2	0	1.0	4	4	4						/home/lihe/study/eq_collect/gnss-earthscope-pipeline/runs/us7000pllt/workflow-20250321T145051Z	/home/lihe/study/eq_collect/gnss-earthscope-pipeline/runs/us7000pllt/workflow-20250321T145051Z/reports/workflow-summary.json	EXPORTED	us-us7000pllt-m6-2-20250321-124-km-sse-of-burica-panama	Americas	Panama	EarthScope	4	2	2	259206	B	quality_status in OK,WARN	ACHO CN20 CN55 PTPP	COMPLETE
US	EarthScope	us6000pjig	6.2	2025-01-12	2025-01-12T08:32:49.944Z	18 km SE of Aquila, Mexico			HAS_NORMALIZED	DONE	OK	OK	OK		OK	10	10	0	0	1.0	10	10	10						/home/lihe/study/eq_collect/gnss-earthscope-pipeline/runs/us6000pjig/workflow-20250112T083249Z	/home/lihe/study/eq_collect/gnss-earthscope-pipeline/runs/us6000pjig/workflow-20250112T083249Z/reports/workflow-summary.json	EXPORTED	us-us6000pjig-m6-2-20250112-18-km-se-of-aquila-mexico	Americas	Mexico	EarthScope	10	10	0	646821	B	quality_status in OK,WARN	TECO TNAM TNCC TNCM TNCN TNCT TNIF TNLC TNMT TNTM	COMPLETE
US	EarthScope	us6000pi09	6.2	2025-01-05	2025-01-05T17:18:45.784Z	56 km SSE of La Libertad, El Salvador			HAS_NORMALIZED	DONE	OK	OK	OK		OK	1	1	0	0	1.0	1	1	1						/home/lihe/study/eq_collect/gnss-earthscope-pipeline/runs/us6000pi09/workflow-20250105T171845Z	/home/lihe/study/eq_collect/gnss-earthscope-pipeline/runs/us6000pi09/workflow-20250105T171845Z/reports/workflow-summary.json	EXPORTED	us-us6000pi09-m6-2-20250105-56-km-sse-of-la-libertad-el-salvador	Americas	El Salvador	EarthScope	1	1	0	64803	C	quality_status in OK,WARN	TEG2	COMPLETE
US	EarthScope	us7000nx3z	6.3	2024-12-08	2024-12-08T19:57:08.602000Z	108 km SSW of Adak, Alaska	1	2	HAS_NORMALIZED	DONE	OK	OK	OK		OK	2	2	0	0	1.0	2	2	2						/home/lihe/study/eq_collect/gnss-earthscope-pipeline/runs/us7000nx3z/workflow-20241208T195708Z	/home/lihe/study/eq_collect/gnss-earthscope-pipeline/runs/us7000nx3z/workflow-20241208T195708Z/reports/workflow-summary.json	EXPORTED	us-us7000nx3z-m6-3-20241208-108-km-ssw-of-adak-alaska	US	United States	EarthScope	2	2	0	129606	C	quality_status in OK,WARN	AB21 AC66	COMPLETE
US	EarthScope	nc75095651	7.0	2024-12-05	2024-12-05T18:44:21.110000Z	2024 Offshore Cape Mendocino, California Earthquake	50	98	HAS_NORMALIZED																						CURRENT_ONLY												NOT_IN_MANIFEST
US	EarthScope	us7000nr0v	6.8	2024-11-10	2024-11-10T16:49:50.426Z	42 km SSW of Bartolomé Masó, Cuba			HAS_NORMALIZED	DONE	OK	OK	OK		OK	1	1	0	0	1.0	1	1	1						/home/lihe/study/eq_collect/gnss-earthscope-pipeline/runs/us7000nr0v/workflow-20241110T164950Z	/home/lihe/study/eq_collect/gnss-earthscope-pipeline/runs/us7000nr0v/workflow-20241110T164950Z/reports/workflow-summary.json	EXPORTED	us-us7000nr0v-m6-8-20241110-42-km-ssw-of-bartolom-mas-cuba	Americas	Cuba	EarthScope	1	1	0	64803	C	quality_status in OK,WARN	CN12	COMPLETE
US	EarthScope	us7000np33	6.0	2024-10-30	2024-10-30T20:15:20.095000Z	267 km W of Bandon, Oregon	0	6	HAS_NORMALIZED	DONE	OK	OK	OK		OK	6	6	0	0	1.0	6	6	6						/home/lihe/study/eq_collect/gnss-earthscope-pipeline/runs/us7000np33/workflow-20241030T201520Z	/home/lihe/study/eq_collect/gnss-earthscope-pipeline/runs/us7000np33/workflow-20241030T201520Z/reports/workflow-summary.json	EXPORTED	us-us7000np33-m6-20241030-267-km-w-of-bandon-oregon	US	United States	EarthScope	6	6	0	388818	B	quality_status in OK,WARN	CABL P364 P365 P366 P733 YACH	COMPLETE
US	EarthScope	us6000nyau	6.2	2024-10-12	2024-10-12T17:43:44.516Z	40 km WNW of Tamarindo, Costa Rica			HAS_NORMALIZED	DONE	OK	OK	OK		OK	2	1	1	0	1.0	2	2	2						/home/lihe/study/eq_collect/gnss-earthscope-pipeline/runs/us6000nyau/workflow-20241012T174344Z	/home/lihe/study/eq_collect/gnss-earthscope-pipeline/runs/us6000nyau/workflow-20241012T174344Z/reports/workflow-summary.json	EXPORTED	us-us6000nyau-m6-2-20241012-40-km-wnw-of-tamarindo-costa-rica	Americas	Costa Rica	EarthScope	2	1	1	129603	C	quality_status in OK,WARN	QSEC VERA	COMPLETE
US	EarthScope	us6000nncs	6.1	2024-08-28	2024-08-28T21:57:54.957Z	56 km SSW of La Libertad, El Salvador			HAS_NORMALIZED	DONE	OK	OK	OK		OK	2	1	1	0	1.0	2	2	2						/home/lihe/study/eq_collect/gnss-earthscope-pipeline/runs/us6000nncs/workflow-20240828T215754Z	/home/lihe/study/eq_collect/gnss-earthscope-pipeline/runs/us6000nncs/workflow-20240828T215754Z/reports/workflow-summary.json	EXPORTED	us-us6000nncs-m6-1-20240828-56-km-ssw-of-la-libertad-el-salvador	Americas	El Salvador	EarthScope	2	1	1	108045	C	quality_status in OK,WARN	SSIA TEG2	COMPLETE
US	EarthScope	us7000n0ka	6.2	2024-07-21	2024-07-21T02:53:48.910Z	6 km E of Jalapa, Guatemala			HAS_NORMALIZED	DONE	OK	OK	OK		OK	1	1	0	0	1.0	1	1	1						/home/lihe/study/eq_collect/gnss-earthscope-pipeline/runs/us7000n0ka/workflow-20240721T025348Z	/home/lihe/study/eq_collect/gnss-earthscope-pipeline/runs/us7000n0ka/workflow-20240721T025348Z/reports/workflow-summary.json	EXPORTED	us-us7000n0ka-m6-2-20240721-6-km-e-of-jalapa-guatemala	Americas	Guatemala	EarthScope	1	1	0	63687	C	quality_status in OK,WARN	SSIA	COMPLETE
US	EarthScope	us7000n068	6.0	2024-07-19	2024-07-19T03:13:47.417000Z	168 km SW of Nikolski, Alaska	1	1	HAS_NORMALIZED	DONE	OK	OK	OK		OK	1	1	0	0	1.0	1	1	1						/home/lihe/study/eq_collect/gnss-earthscope-pipeline/runs/us7000n068/workflow-20240719T031347Z	/home/lihe/study/eq_collect/gnss-earthscope-pipeline/runs/us7000n068/workflow-20240719T031347Z/reports/workflow-summary.json	EXPORTED	us-us7000n068-m6-20240719-168-km-sw-of-nikolski-alaska	US	United States	EarthScope	1	1	0	64803	C	quality_status in OK,WARN	AB02	COMPLETE
US	EarthScope	us7000mu1p	6.0	2024-06-23	2024-06-23T03:57:58.918Z	20 km NE of Yaguaraparo, Venezuela			HAS_NORMALIZED	DONE	OK	OK	OK		OK	1	1	0	0	1.0	1	1	1						/home/lihe/study/eq_collect/gnss-earthscope-pipeline/runs/us7000mu1p/workflow-20240623T035758Z	/home/lihe/study/eq_collect/gnss-earthscope-pipeline/runs/us7000mu1p/workflow-20240623T035758Z/reports/workflow-summary.json	EXPORTED	us-us7000mu1p-m6-20240623-20-km-ne-of-yaguaraparo-venezuela	Americas	Venezuela	EarthScope	1	1	0	64803	C	quality_status in OK,WARN	CN57	COMPLETE
US	EarthScope	us6000mzme	6.0	2024-05-19	2024-05-19T09:35:24.660000Z	169 km SW of Nikolski, Alaska	1	1	HAS_NORMALIZED	DONE	OK	OK	OK		OK	1	1	0	0	1.0	1	1	1						/home/lihe/study/eq_collect/gnss-earthscope-pipeline/runs/us6000mzme/workflow-20240519T093524Z	/home/lihe/study/eq_collect/gnss-earthscope-pipeline/runs/us6000mzme/workflow-20240519T093524Z/reports/workflow-summary.json	EXPORTED	us-us6000mzme-m6-20240519-169-km-sw-of-nikolski-alaska	US	United States	EarthScope	1	1	0	64803	C	quality_status in OK,WARN	AB02	COMPLETE
US	EarthScope	us7000luai	6.1	2024-01-27	2024-01-27T05:52:48.419Z	15 km W of Taxisco, Guatemala			HAS_NORMALIZED	DONE	OK	OK	OK		OK	1	1	0	0	1.0	1	1	1						/home/lihe/study/eq_collect/gnss-earthscope-pipeline/runs/us7000luai/workflow-20240127T055248Z	/home/lihe/study/eq_collect/gnss-earthscope-pipeline/runs/us7000luai/workflow-20240127T055248Z/reports/workflow-summary.json	EXPORTED	us-us7000luai-m6-1-20240127-15-km-w-of-taxisco-guatemala	Americas	Guatemala	EarthScope	1	1	0	64803	C	quality_status in OK,WARN	SSIA	COMPLETE
US	EarthScope	us7000kgpb	6.5	2023-07-19	2023-07-19T00:22:07.656Z	43 km S of Intipucá, El Salvador			HAS_NORMALIZED	DONE	OK	OK	OK		OK	2	2	0	0	1.0	2	2	2						/home/lihe/study/eq_collect/gnss-earthscope-pipeline/runs/us7000kgpb/workflow-20230719T002207Z	/home/lihe/study/eq_collect/gnss-earthscope-pipeline/runs/us7000kgpb/workflow-20230719T002207Z/reports/workflow-summary.json	EXPORTED	us-us7000kgpb-m6-5-20230719-43-km-s-of-intipuc-el-salvador	Americas	El Salvador	EarthScope	2	2	0	72768	C	quality_status in OK,WARN	SSIA TEG2	COMPLETE
US	EarthScope	us7000kg30	7.2	2023-07-16	2023-07-16T06:48:21.158000Z	2023 Sand Point, Alaska Earthquake	7	7	HAS_NORMALIZED	DONE	OK	OK	OK	OK	OK	7	7	0	0	1.0	7	7	7	14	OK			3739	/home/lihe/study/eq_collect/gnss-earthscope-pipeline/runs/us7000kg30/workflow-20230716T064821Z	/home/lihe/study/eq_collect/gnss-earthscope-pipeline/runs/us7000kg30/workflow-20230716T064821Z/reports/workflow-summary.json	EXPORTED	us-us7000kg30-m7-2-20230716-2023-sand-point-alaska-earthquake	US	United States	EarthScope	7	7	0	453621	B	quality_status in OK,WARN	AB06 AB07 AC12 AC21 AC25 AC28 AC42	COMPLETE
US	EarthScope	us7000kfnc	6.3	2023-07-14	2023-07-14T09:29:00.404Z	Offshore Chiapas, Mexico			HAS_NORMALIZED	DONE	OK	OK	OK		OK	1	1	0	0	1.0	1	1	1						/home/lihe/study/eq_collect/gnss-earthscope-pipeline/runs/us7000kfnc/workflow-20230714T092900Z	/home/lihe/study/eq_collect/gnss-earthscope-pipeline/runs/us7000kfnc/workflow-20230714T092900Z/reports/workflow-summary.json	EXPORTED	us-us7000kfnc-m6-3-20230714-offshore-chiapas-mexico	Americas	Mexico	EarthScope	1	1	0	64803	C	quality_status in OK,WARN	CN25	COMPLETE
US	EarthScope	us7000keq3	6.6	2023-07-10	2023-07-10T20:28:26.195Z	278 km NNE of Codrington, Antigua and Barbuda			HAS_NORMALIZED	DONE	OK	OK	OK		OK	2	1	1	0	1.0	2	2	2						/home/lihe/study/eq_collect/gnss-earthscope-pipeline/runs/us7000keq3/workflow-20230710T202826Z	/home/lihe/study/eq_collect/gnss-earthscope-pipeline/runs/us7000keq3/workflow-20230710T202826Z/reports/workflow-summary.json	EXPORTED	us-us7000keq3-m6-6-20230710-278-km-nne-of-codrington-antigua-and-barbuda	Americas	Antigua and Barbuda	EarthScope	2	1	1	129555	C	quality_status in OK,WARN	CN00 CN59	COMPLETE
US	EarthScope	us7000k3n3	6.5	2023-05-25	2023-05-25T03:05:32.956Z	45 km NE of Puerto Obaldía, Panama			HAS_NORMALIZED	DONE	OK	OK	OK		OK	2	2	0	0	1.0	2	2	2						/home/lihe/study/eq_collect/gnss-earthscope-pipeline/runs/us7000k3n3/workflow-20230525T030532Z	/home/lihe/study/eq_collect/gnss-earthscope-pipeline/runs/us7000k3n3/workflow-20230525T030532Z/reports/workflow-summary.json	EXPORTED	us-us7000k3n3-m6-5-20230525-45-km-ne-of-puerto-obald-a-panama	Americas	Panama	EarthScope	2	2	0	129606	C	quality_status in OK,WARN	CN37 CN60	COMPLETE
US	EarthScope	us6000kcnb	6.4	2023-05-17	2023-05-17T23:01:59.919Z	8 km SE of Canillá, Guatemala			HAS_NORMALIZED	DONE	OK	OK	OK		OK	2	2	0	0	1.0	2	2	2						/home/lihe/study/eq_collect/gnss-earthscope-pipeline/runs/us6000kcnb/workflow-20230517T230159Z	/home/lihe/study/eq_collect/gnss-earthscope-pipeline/runs/us6000kcnb/workflow-20230517T230159Z/reports/workflow-summary.json	EXPORTED	us-us6000kcnb-m6-4-20230517-8-km-se-of-canill-guatemala	Americas	Guatemala	EarthScope	2	2	0	85686	C	quality_status in OK,WARN	CN25 SSIA	COMPLETE
US	EarthScope	us6000k20g	6.3	2023-04-04	2023-04-04T22:18:12.640Z	73 km S of Boca Chica, Panama			HAS_NORMALIZED	DONE	OK	OK	OK		OK	4	2	2	0	1.0	4	4	4						/home/lihe/study/eq_collect/gnss-earthscope-pipeline/runs/us6000k20g/workflow-20230404T221812Z	/home/lihe/study/eq_collect/gnss-earthscope-pipeline/runs/us6000k20g/workflow-20230404T221812Z/reports/workflow-summary.json	EXPORTED	us-us6000k20g-m6-3-20230404-73-km-s-of-boca-chica-panama	Americas	Panama	EarthScope	4	2	2	202884	B	quality_status in OK,WARN	ACHO CN20 CN55 VRAI	COMPLETE
US	EarthScope	us7000j5sc	6.1	2023-01-20	2023-01-20T11:23:40.603Z	40 km WSW of Pointe-Noire, Guadeloupe			HAS_NORMALIZED	DONE	OK	OK	OK		OK	9	8	1	0	1.0	9	9	9						/home/lihe/study/eq_collect/gnss-earthscope-pipeline/runs/us7000j5sc/workflow-20230120T112340Z	/home/lihe/study/eq_collect/gnss-earthscope-pipeline/runs/us7000j5sc/workflow-20230120T112340Z/reports/workflow-summary.json	EXPORTED	us-us7000j5sc-m6-1-20230120-40-km-wsw-of-pointe-noire-guadeloupe	Americas	Guadeloupe	EarthScope	9	8	1	583209	B	quality_status in OK,WARN	AIRS BGGY CN00 CN01 NWBL OLVN RCHY RDON TRNT	COMPLETE
US	EarthScope	nc73821036	6.4	2022-12-20	2022-12-20T10:34:24.770000Z	15km WSW of Ferndale, CA	63	109	HAS_NORMALIZED	DONE	REUSED	OK	OK	OK	OK	63	58	4	1	0.921	63	63	63	123	OK	OK	OK	8995	/home/lihe/study/eq_collect/gnss-earthscope-pipeline/runs/nc73821036/workflow-20221220T103424Z	/home/lihe/study/eq_collect/gnss-earthscope-pipeline/runs/nc73821036/workflow-20221220T103424Z/reports/workflow-summary.json	EXPORTED	us-nc73821036-m6-4-20221220-15km-wsw-of-ferndale-ca	US	United States	EarthScope	58	58	0	3758574	B	quality_status in OK,WARN	P058 P059 P060 P154 P155 P158 P159 P160 P161 P162 P163 P164 P165 P166 P167 P168 P169 P170 P179 P184 P185 P186 P189 P190 P192 P205 P314 P315 P316 P317 P318 P319 P320 P321 P322 P324 P325 P326 P327 P329 P330 P331 P332 P333 P335 P337 P338 P339 P341 P343 P349 P362 P734 P786 P793 P794 PTSG TRND	COMPLETE
US	EarthScope	us7000irjd	6.2	2022-11-22	2022-11-22T16:39:05.789Z	28 km SW of Las Brisas, Mexico			HAS_NORMALIZED	DONE	OK	OK	OK		OK	49	41	8	0	1.0	49	49	49						/home/lihe/study/eq_collect/gnss-earthscope-pipeline/runs/us7000irjd/workflow-20221122T163905Z	/home/lihe/study/eq_collect/gnss-earthscope-pipeline/runs/us7000irjd/workflow-20221122T163905Z/reports/workflow-summary.json	EXPORTED	us-us7000irjd-m6-2-20221122-28-km-sw-of-las-brisas-mexico	Americas	Mexico	EarthScope	49	41	8	3153645	B	quality_status in OK,WARN	ACSB ACSX AR27 CLBD CRRS GLRS GMPK IID2 OCSD P066 P472 P473 P474 P475 P478 P480 P481 P482 P483 P484 P485 P486 P487 P488 P489 P492 P493 P494 P495 P496 P497 P498 P499 P500 P501 P502 P505 P507 P508 P509 P510 P744 P796 PALX PTEX SLMS TNPP USGC VTOR	COMPLETE
US	EarthScope	us7000imgl	6.1	2022-11-04	2022-11-04T10:02:46.346Z	82 km SSW of Bahía de Kino, Mexico			HAS_NORMALIZED	DONE	OK	OK	OK		OK	1	1	0	0	1.0	1	1	1						/home/lihe/study/eq_collect/gnss-earthscope-pipeline/runs/us7000imgl/workflow-20221104T100246Z	/home/lihe/study/eq_collect/gnss-earthscope-pipeline/runs/us7000imgl/workflow-20221104T100246Z/reports/workflow-summary.json	EXPORTED	us-us7000imgl-m6-1-20221104-82-km-ssw-of-bah-a-de-kino-mexico	Americas	Mexico	EarthScope	1	1	0	64803	C	quality_status in OK,WARN	TNHM	COMPLETE
US	EarthScope	us6000iv6c	6.7	2022-10-20	2022-10-20T11:57:12.575Z	60 km SSW of Boca Chica, Panama			HAS_NORMALIZED	DONE	OK	OK	OK		OK	2	2	0	0	1.0	2	2	2						/home/lihe/study/eq_collect/gnss-earthscope-pipeline/runs/us6000iv6c/workflow-20221020T115712Z	/home/lihe/study/eq_collect/gnss-earthscope-pipeline/runs/us6000iv6c/workflow-20221020T115712Z/reports/workflow-summary.json	EXPORTED	us-us6000iv6c-m6-7-20221020-60-km-ssw-of-boca-chica-panama	Americas	Panama	EarthScope	2	2	0	129606	C	quality_status in OK,WARN	CN20 CN55	COMPLETE
US	EarthScope	us7000ia36	6.8	2022-09-22	2022-09-22T06:16:09.459Z	55 km SSW of Aguililla, Mexico			HAS_NORMALIZED	DONE	OK	OK	OK		OK	8	6	2	0	1.0	8	8	8						/home/lihe/study/eq_collect/gnss-earthscope-pipeline/runs/us7000ia36/workflow-20220922T061609Z	/home/lihe/study/eq_collect/gnss-earthscope-pipeline/runs/us7000ia36/workflow-20220922T061609Z/reports/workflow-summary.json	EXPORTED	us-us7000ia36-m6-8-20220922-55-km-ssw-of-aguililla-mexico	Americas	Mexico	EarthScope	8	6	2	517635	B	quality_status in OK,WARN	TECO TNAM TNCC TNCM TNCN TNLC TNMT UCOE	COMPLETE
US	EarthScope	us7000i9bw	7.6	2022-09-19	2022-09-19T18:05:08.217Z	35 km SSW of Aguililla, Mexico			HAS_NORMALIZED	DONE	OK	OK	OK		OK	11	8	3	0	1.0	11	11	11						runs/us7000i9bw/workflow-20220919T180508Z	runs/us7000i9bw/workflow-20220919T180508Z/reports/workflow-summary.json	EXPORTED	us-us7000i9bw-m7-6-20220919-35-km-ssw-of-aguililla-mexico	Americas	Mexico	EarthScope	11	8	3	711990	B	quality_status in OK,WARN	PENA TECO TNAM TNCC TNCM TNCT TNLC TNMO TNMT TNTM UCOE	COMPLETE
US	EarthScope	us6000hf75	6.6	2022-04-21	2022-04-21T07:42:46.508Z	55 km WSW of Masachapa, Nicaragua			HAS_NORMALIZED	DONE	OK	OK	OK		OK	15	12	3	0	1.0	15	15	15						/home/lihe/study/eq_collect/gnss-earthscope-pipeline/runs/us6000hf75/workflow-20220421T074246Z	/home/lihe/study/eq_collect/gnss-earthscope-pipeline/runs/us6000hf75/workflow-20220421T074246Z/reports/workflow-summary.json	EXPORTED	us-us6000hf75-m6-6-20220421-55-km-wsw-of-masachapa-nicaragua	Americas	Nicaragua	EarthScope	15	12	3	972015	B	quality_status in OK,WARN	CABA CN21 EPZA GRZA HUA2 IND1 LAFE LEPA LMNL PNE2 PUJE PUMO SAJU TEG2 VERA	COMPLETE
US	EarthScope	us7000ge5q	6.2	2022-01-22	2022-01-22T05:17:04.896000Z	71 km S of Unalaska, Alaska	1	1	HAS_NORMALIZED	DONE	OK	OK	OK		OK	1	1	0	0	1.0	1	1	1						/home/lihe/study/eq_collect/gnss-earthscope-pipeline/runs/us7000ge5q/workflow-20220122T051704Z	/home/lihe/study/eq_collect/gnss-earthscope-pipeline/runs/us7000ge5q/workflow-20220122T051704Z/reports/workflow-summary.json	EXPORTED	us-us7000ge5q-m6-2-20220122-71-km-s-of-unalaska-alaska	US	United States	EarthScope	1	1	0	64803	C	quality_status in OK,WARN	AB02	COMPLETE
US	EarthScope	us7000gawk	6.6	2022-01-11	2022-01-11T12:39:32.454000Z	53 km SE of Nikolski, Alaska	1	1	HAS_NORMALIZED	DONE	OK	OK	OK	OK	OK	1	1	0	0	1.0	1	1	1	2	OK	OK	OK	232	/home/lihe/study/eq_collect/gnss-earthscope-pipeline/runs/us7000gawk/workflow-20220111T123932Z	/home/lihe/study/eq_collect/gnss-earthscope-pipeline/runs/us7000gawk/workflow-20220111T123932Z/reports/workflow-summary.json	EXPORTED	us-us7000gawk-m6-6-20220111-53-km-se-of-nikolski-alaska	US	United States	EarthScope	1	1	0	64803	C	quality_status in OK,WARN	AB02	COMPLETE
US	EarthScope	us7000gavu	6.8	2022-01-11	2022-01-11T11:35:43.674000Z	100 km SE of Nikolski, Alaska	1	1	HAS_NORMALIZED	DONE	OK	OK	OK	OK	OK	1	1	0	0	1.0	1	1	1	2	OK	OK	OK	383	/home/lihe/study/eq_collect/gnss-earthscope-pipeline/runs/us7000gavu/workflow-20220111T113543Z	/home/lihe/study/eq_collect/gnss-earthscope-pipeline/runs/us7000gavu/workflow-20220111T113543Z/reports/workflow-summary.json	EXPORTED	us-us7000gavu-m6-8-20220111-100-km-se-of-nikolski-alaska	US	United States	EarthScope	1	1	0	64803	C	quality_status in OK,WARN	AB02	COMPLETE
US	EarthScope	us7000g9nb	6.1	2022-01-06	2022-01-06T16:25:05.973Z	near the coast of Nicaragua			HAS_NORMALIZED	DONE	OK	OK	OK		OK	6	3	3	0	1.0	6	6	6						/home/lihe/study/eq_collect/gnss-earthscope-pipeline/runs/us7000g9nb/workflow-20220106T162505Z	/home/lihe/study/eq_collect/gnss-earthscope-pipeline/runs/us7000g9nb/workflow-20220106T162505Z/reports/workflow-summary.json	EXPORTED	us-us7000g9nb-m6-1-20220106-near-the-coast-of-nicaragua	Americas	Nicaragua	EarthScope	6	3	3	382125	B	quality_status in OK,WARN	ELMA IND1 KIOS MANA MOM0 VERA	COMPLETE
US	EarthScope	nc73666231	6.2	2021-12-20	2021-12-20T20:10:31.310000Z	7km N of Petrolia, CA	64	111	HAS_NORMALIZED	DONE	OK	PARTIAL	OK	OK	OK	109	96	11	2	0.881	111	110	109	213	OK			21315	/home/lihe/study/eq_collect/gnss-earthscope-pipeline/runs/nc73666231/workflow-20211220T201031Z	/home/lihe/study/eq_collect/gnss-earthscope-pipeline/runs/nc73666231/workflow-20211220T201031Z/reports/workflow-summary.json	EXPORTED	us-nc73666231-m6-2-20211220-7km-n-of-petrolia-ca	US	United States	EarthScope	4	4	0	259212	B	quality_status in OK,WARN	P158 P159 P160 P163	COMPLETE
US	EarthScope	us7000fskw	6.3	2021-11-09	2021-11-09T06:25:14.907Z	62 km S of Masachapa, Nicaragua			HAS_NORMALIZED	DONE	OK	OK	OK		OK	3	1	2	0	1.0	3	3	3						/home/lihe/study/eq_collect/gnss-earthscope-pipeline/runs/us7000fskw/workflow-20211109T062514Z	/home/lihe/study/eq_collect/gnss-earthscope-pipeline/runs/us7000fskw/workflow-20211109T062514Z/reports/workflow-summary.json	EXPORTED	us-us7000fskw-m6-3-20211109-62-km-s-of-masachapa-nicaragua	Americas	Nicaragua	EarthScope	3	1	2	188580	B	quality_status in OK,WARN	IND1 MANA VERA	COMPLETE
US	EarthScope	ak021d1u1nos	6.9	2021-10-11	2021-10-11T09:10:25.147000Z	112 km E of Chignik, Alaska	1	4	HAS_NORMALIZED	DONE	OK	OK	OK	OK	OK	1	1	0	0	1.0	1	1	1	2	OK	OK	OK	249	/home/lihe/study/eq_collect/gnss-earthscope-pipeline/runs/ak021d1u1nos/workflow-20211011T091025Z	/home/lihe/study/eq_collect/gnss-earthscope-pipeline/runs/ak021d1u1nos/workflow-20211011T091025Z/reports/workflow-summary.json	EXPORTED	us-ak021d1u1nos-m6-9-20211011-112-km-e-of-chignik-alaska	US	United States	EarthScope	1	1	0	64803	C	quality_status in OK,WARN	AC02	COMPLETE
US	EarthScope	hv72748782	6.21	2021-10-10	2021-10-10T21:48:36.560000Z	27 km SSE of Naalehu, Hawaii	4	4	HAS_NORMALIZED	DONE	OK	OK	OK	OK	OK	4	4	0	0	1.0	4	4	4	8	OK	OK	OK	1106	/home/lihe/study/eq_collect/gnss-earthscope-pipeline/runs/hv72748782/workflow-20211010T214836Z	/home/lihe/study/eq_collect/gnss-earthscope-pipeline/runs/hv72748782/workflow-20211010T214836Z/reports/workflow-summary.json	EXPORTED	us-hv72748782-m6-21-20211010-27-km-sse-of-naalehu-hawaii	US	United States	EarthScope	4	4	0	224208	B	quality_status in OK,WARN	KKAI KUAH MLAN PBLD	COMPLETE
US	EarthScope	us7000fdds	6.5	2021-09-22	2021-09-22T09:57:07.023Z	80 km SW of Jiquilillo, Nicaragua			HAS_NORMALIZED	DONE	OK	OK	OK		OK	1	1	0	0	1.0	1	1	1						/home/lihe/study/eq_collect/gnss-earthscope-pipeline/runs/us7000fdds/workflow-20210922T095707Z	/home/lihe/study/eq_collect/gnss-earthscope-pipeline/runs/us7000fdds/workflow-20210922T095707Z/reports/workflow-summary.json	EXPORTED	us-us7000fdds-m6-5-20210922-80-km-sw-of-jiquilillo-nicaragua	Americas	Nicaragua	EarthScope	1	1	0	64803	C	quality_status in OK,WARN	SSIA	COMPLETE
US	EarthScope	us7000f93v	7.0	2021-09-08	2021-09-08T01:47:47.437Z	Acapulco, Mexico			HAS_NORMALIZED	DONE	OK	OK	OK		OK	6	6	0	0	1.0	6	6	6						/home/lihe/study/eq_collect/gnss-earthscope-pipeline/runs/us7000f93v/workflow-20210908T014747Z	/home/lihe/study/eq_collect/gnss-earthscope-pipeline/runs/us7000f93v/workflow-20210908T014747Z/reports/workflow-summary.json	EXPORTED	us-us7000f93v-m7-20210908-acapulco-mexico	Americas	Mexico	EarthScope	6	6	0	310824	B	quality_status in OK,WARN	TNAL TNIF TNMQ TNNP TNNX UTON	COMPLETE
US	EarthScope	us6000f65h	7.2	2021-08-14	2021-08-14T12:29:08.454Z	Nippes, Haiti			HAS_NORMALIZED	DONE	OK	OK	OK		OK	5	4	1	0	1.0	5	5	5						/home/lihe/study/eq_collect/gnss-earthscope-pipeline/runs/us6000f65h/workflow-20210814T122908Z	/home/lihe/study/eq_collect/gnss-earthscope-pipeline/runs/us6000f65h/workflow-20210814T122908Z/reports/workflow-summary.json	EXPORTED	us-us6000f65h-m7-2-20210814-nippes-haiti	Americas	Haiti	EarthScope	5	4	1	323961	B	quality_status in OK,WARN	BARA RDMA RDSJ SROD TGDR	COMPLETE
US	EarthScope	us6000f652	6.9	2021-08-14	2021-08-14T11:57:43.447000Z	125 km SE of Perryville, Alaska	2	4	HAS_NORMALIZED	DONE	OK	OK	OK	OK	WARN	2	1	1	0	0.5	2	2	2	4	OK	OK	OK	334	/home/lihe/study/eq_collect/gnss-earthscope-pipeline/runs/us6000f652/workflow-20210814T115743Z	/home/lihe/study/eq_collect/gnss-earthscope-pipeline/runs/us6000f652/workflow-20210814T115743Z/reports/workflow-summary.json	EXPORTED	us-us6000f652-m6-9-20210814-125-km-se-of-perryville-alaska	US	United States	EarthScope	1	1	0	64803	C	quality_status in OK,WARN	AC12	COMPLETE
US	EarthScope	ak0219neiszm	8.2	2021-07-29	2021-07-29T06:15:49.188000Z	2021 Chignik, Alaska Earthquake	6	9	HAS_NORMALIZED																						CURRENT_ONLY												NOT_IN_MANIFEST
US	EarthScope	us6000exs5	6.7	2021-07-21	2021-07-21T21:15:12.269Z	71 km S of Burica, Panama			HAS_NORMALIZED	DONE	OK	OK	OK		OK	1	0	1	0	1.0	1	1	1						/home/lihe/study/eq_collect/gnss-earthscope-pipeline/runs/us6000exs5/workflow-20210721T211512Z	/home/lihe/study/eq_collect/gnss-earthscope-pipeline/runs/us6000exs5/workflow-20210721T211512Z/reports/workflow-summary.json	EXPORTED	us-us6000exs5-m6-7-20210721-71-km-s-of-burica-panama	Americas	Panama	EarthScope	1	0	1	62061	C	quality_status in OK,WARN	CN55	COMPLETE
US	EarthScope	us7000emzy	6.1	2021-07-17	2021-07-17T20:56:10.107Z	135 km S of Burica, Panama			HAS_NORMALIZED	DONE	OK	OK	OK		OK	1	0	1	0	1.0	1	1	1						/home/lihe/study/eq_collect/gnss-earthscope-pipeline/runs/us7000emzy/workflow-20210717T205610Z	/home/lihe/study/eq_collect/gnss-earthscope-pipeline/runs/us7000emzy/workflow-20210717T205610Z/reports/workflow-summary.json	EXPORTED	us-us7000emzy-m6-1-20210717-135-km-s-of-burica-panama	Americas	Panama	EarthScope	1	0	1	64782	C	quality_status in OK,WARN	CN55	COMPLETE
US	EarthScope	ak0216xu2rod	6.1	2021-05-31	2021-05-31T06:59:55.581000Z	73 km N of Chickaloon, Alaska	17	23	HAS_NORMALIZED	DONE	OK	PARTIAL	OK	OK	OK	15	13	2	0	0.867	17	15	15	29	OK	OK	OK	4184	/home/lihe/study/eq_collect/gnss-earthscope-pipeline/runs/ak0216xu2rod/workflow-20210531T065955Z	/home/lihe/study/eq_collect/gnss-earthscope-pipeline/runs/ak0216xu2rod/workflow-20210531T065955Z/reports/workflow-summary.json	EXPORTED	us-ak0216xu2rod-m6-1-20210531-73-km-n-of-chickaloon-alaska	US	United States	EarthScope	13	13	0	842439	B	quality_status in OK,WARN	AC11 AC32 AC53 AC62 AC70 AC72 AC77 ATW2 FS63 FS82 GRNX STEM WAAK	COMPLETE
US	EarthScope	us7000e2rq	6.1	2021-05-13	2021-05-13T09:42:12.044Z	154 km SSE of Punta de Burica, Panama			HAS_NORMALIZED	DONE	OK	OK	OK		OK	1	1	0	0	1.0	1	1	1						/home/lihe/study/eq_collect/gnss-earthscope-pipeline/runs/us7000e2rq/workflow-20210513T094212Z	/home/lihe/study/eq_collect/gnss-earthscope-pipeline/runs/us7000e2rq/workflow-20210513T094212Z/reports/workflow-summary.json	EXPORTED	us-us7000e2rq-m6-1-20210513-154-km-sse-of-punta-de-burica-panama	Americas	Panama	EarthScope	1	1	0	64803	C	quality_status in OK,WARN	CN55	COMPLETE
US	EarthScope	us7000e2c6	6.0	2021-05-12	2021-05-12T08:45:44.539Z	55 km SW of Acajutla, El Salvador			HAS_NORMALIZED	DONE	OK	OK	OK		OK	1	0	1	0	1.0	1	1	1						/home/lihe/study/eq_collect/gnss-earthscope-pipeline/runs/us7000e2c6/workflow-20210512T084544Z	/home/lihe/study/eq_collect/gnss-earthscope-pipeline/runs/us7000e2c6/workflow-20210512T084544Z/reports/workflow-summary.json	EXPORTED	us-us7000e2c6-m6-20210512-55-km-sw-of-acajutla-el-salvador	Americas	El Salvador	EarthScope	1	0	1	64500	C	quality_status in OK,WARN	SSIA	COMPLETE
NZ	GeoNet	2021p169083	7.2	2021-03-04	2021-03-04T13:27:35Z	140 km east of Te Araroa	6	22	HAS_NORMALIZED	DONE	OK	OK	OK	OK	OK	12	12	0	0	1.0	12	12	12	24	OK	OK	OK	5377	/home/lihe/study/eq_collect/gnss-earthscope-pipeline/runs/2021p169083/workflow-20210304T132735Z	/home/lihe/study/eq_collect/gnss-earthscope-pipeline/runs/2021p169083/workflow-20210304T132735Z/reports/workflow-summary.json	EXPORTED	nz-2021p169083-m7-2-20210304-140-km-east-of-te-araroa	Americas	Americas	EarthScope	12	12	0	777564	B	quality_status in OK,WARN	AHTI ANAU CNST GISB HIKB MATW OPTK PUKE RGWI TAUW TKAR WMAT	COMPLETE
US	EarthScope	us7000clnv	6.4	2020-12-01	2020-12-01T16:22:39.923000Z	46 km ESE of Nikolski, Alaska	2	2	HAS_NORMALIZED	DONE	OK	OK	OK	OK	OK	2	2	0	0	1.0	2	2	2	4	OK	OK	OK	628	/home/lihe/study/eq_collect/gnss-earthscope-pipeline/runs/us7000clnv/workflow-20201201T162239Z	/home/lihe/study/eq_collect/gnss-earthscope-pipeline/runs/us7000clnv/workflow-20201201T162239Z/reports/workflow-summary.json	EXPORTED	us-us7000clnv-m6-4-20201201-46-km-ese-of-nikolski-alaska	US	United States	EarthScope	2	2	0	129606	C	quality_status in OK,WARN	AB02 AV09	COMPLETE
US	EarthScope	us6000c9hg	7.6	2020-10-19	2020-10-19T20:54:38.950000Z	2020 Sand Point, Alaska Earthquake	4	8	HAS_NORMALIZED																						CURRENT_ONLY												NOT_IN_MANIFEST
US	EarthScope	us7000bcbv	6.0	2020-08-24	2020-08-24T21:51:09.259Z	4 km SSW of Jacó, Costa Rica			HAS_NORMALIZED	DONE	OK	OK	OK		OK	2	0	2	0	1.0	2	2	2						/home/lihe/study/eq_collect/gnss-earthscope-pipeline/runs/us7000bcbv/workflow-20200824T215109Z	/home/lihe/study/eq_collect/gnss-earthscope-pipeline/runs/us7000bcbv/workflow-20200824T215109Z/reports/workflow-summary.json	EXPORTED	us-us7000bcbv-m6-20200824-4-km-ssw-of-jac-costa-rica	Americas	Costa Rica	EarthScope	2	0	2	103875	C	quality_status in OK,WARN	IND1 VERA	COMPLETE
US	EarthScope	us6000b56k	6.1	2020-07-28	2020-07-28T08:03:43.215000Z	75 km SW of Sand Point, Alaska	4	4	HAS_NORMALIZED	DONE	OK	OK	OK	OK	OK	4	4	0	0	1.0	4	4	4	8	OK	OK	OK	517	/home/lihe/study/eq_collect/gnss-earthscope-pipeline/runs/us6000b56k/workflow-20200728T080343Z	/home/lihe/study/eq_collect/gnss-earthscope-pipeline/runs/us6000b56k/workflow-20200728T080343Z/reports/workflow-summary.json	EXPORTED	us-us6000b56k-m6-1-20200728-75-km-sw-of-sand-point-alaska	US	United States	EarthScope	4	4	0	259212	B	quality_status in OK,WARN	AB07 AC12 AC21 AV34	COMPLETE
US	EarthScope	us7000asx4	6.1	2020-07-22	2020-07-22T06:16:18.627000Z	101 km ESE of Sand Point, Alaska	5	8	HAS_NORMALIZED	DONE	OK	OK	OK	OK	OK	5	5	0	0	1.0	5	5	5	10	OK	OK	OK	1166	/home/lihe/study/eq_collect/gnss-earthscope-pipeline/runs/us7000asx4/workflow-20200722T061618Z	/home/lihe/study/eq_collect/gnss-earthscope-pipeline/runs/us7000asx4/workflow-20200722T061618Z/reports/workflow-summary.json	EXPORTED	us-us7000asx4-m6-1-20200722-101-km-ese-of-sand-point-alaska	US	United States	EarthScope	5	5	0	324015	B	quality_status in OK,WARN	AB07 AB13 AC12 AC21 AC28	COMPLETE
US	EarthScope	us7000asvb	7.8	2020-07-22	2020-07-22T06:12:44.810000Z	2020 Perryville, Alaska Earthquake	5	8	HAS_NORMALIZED																						CURRENT_ONLY												NOT_IN_MANIFEST
US	EarthScope	us6000ah9t	7.4	2020-06-23	2020-06-23T15:29:04.350Z	9 km SE of Santa María Xadani, Mexico			HAS_NORMALIZED	DONE	OK	OK	OK		OK	6	5	1	0	1.0	6	6	6						/home/lihe/study/eq_collect/gnss-earthscope-pipeline/runs/us6000ah9t/workflow-20200623T152904Z	/home/lihe/study/eq_collect/gnss-earthscope-pipeline/runs/us6000ah9t/workflow-20200623T152904Z/reports/workflow-summary.json	EXPORTED	us-us6000ah9t-m7-4-20200623-9-km-se-of-santa-mar-a-xadani-mexico	Americas	Mexico	EarthScope	6	5	1	388467	B	quality_status in OK,WARN	OXPE OXUM TNMQ TNNP TNNX TNSJ	COMPLETE
US	EarthScope	us70008jr5	6.5	2020-03-31	2020-03-31T23:52:30.781000Z	Stanley, Idaho	12	29	HAS_NORMALIZED	DONE	OK	OK	OK	OK	OK	12	11	1	0	0.917	12	12	12	24	OK	OK	OK	1633	/home/lihe/study/eq_collect/gnss-earthscope-pipeline/runs/us70008jr5/workflow-20200331T235230Z	/home/lihe/study/eq_collect/gnss-earthscope-pipeline/runs/us70008jr5/workflow-20200331T235230Z/reports/workflow-summary.json	EXPORTED	us-us70008jr5-m6-5-20200331-stanley-idaho	US	United States	EarthScope	11	11	0	371250	B	quality_status in OK,WARN	P019 P023 P350 P351 P353 P354 P358 P372 P455 P679 P681	COMPLETE
US	EarthScope	us60007idc	7.7	2020-01-28	2020-01-28T19:10:24.918Z	123 km NNW of Lucea, Jamaica			HAS_NORMALIZED	DONE	OK	OK	OK		OK	1	1	0	0	1.0	1	1	1						/home/lihe/study/eq_collect/gnss-earthscope-pipeline/runs/us60007idc/workflow-20200128T191024Z	/home/lihe/study/eq_collect/gnss-earthscope-pipeline/runs/us60007idc/workflow-20200128T191024Z/reports/workflow-summary.json	EXPORTED	us-us60007idc-m7-7-20200128-123-km-nnw-of-lucea-jamaica	Americas	Jamaica	EarthScope	1	1	0	64803	C	quality_status in OK,WARN	CN12	COMPLETE
US	EarthScope	us60007djn	6.2	2020-01-23	2020-01-23T05:53:02.618000Z	84 km W of Adak, Alaska	1	3	HAS_NORMALIZED	DONE	OK	OK	OK		OK	3	3	0	0	1.0	3	3	3						/home/lihe/study/eq_collect/gnss-earthscope-pipeline/runs/us60007djn/workflow-20200123T055302Z	/home/lihe/study/eq_collect/gnss-earthscope-pipeline/runs/us60007djn/workflow-20200123T055302Z/reports/workflow-summary.json	EXPORTED	us-us60007djn-m6-2-20200123-84-km-w-of-adak-alaska	US	United States	EarthScope	3	3	0	194409	B	quality_status in OK,WARN	AB01 AB21 AC66	COMPLETE
US	EarthScope	pr2020007007	6.4	2020-01-07	2020-01-07T08:24:27.370Z	4 km SSE of Indios, Puerto Rico			HAS_NORMALIZED	DONE	OK	OK	OK		OK	9	9	0	0	1.0	9	9	9						/home/lihe/study/eq_collect/gnss-earthscope-pipeline/runs/pr2020007007/workflow-20200107T082427Z	/home/lihe/study/eq_collect/gnss-earthscope-pipeline/runs/pr2020007007/workflow-20200107T082427Z/reports/workflow-summary.json	EXPORTED	us-pr2020007007-m6-4-20200107-4-km-sse-of-indios-puerto-rico	Americas	Puerto Rico	EarthScope	9	9	0	583227	B	quality_status in OK,WARN	AOPR CN05 EMPR IGPR P780 PDPR PRSN SPED STVI	COMPLETE
US	EarthScope	pr2019267000	6.0	2019-09-24	2019-09-24T03:23:40.000000Z	67 km NNW of San Antonio, Puerto Rico	9	14	HAS_NORMALIZED	DONE	OK	OK	OK	OK	OK	9	9	0	0	1.0	9	9	9	18	OK	OK	OK	2231	/home/lihe/study/eq_collect/gnss-earthscope-pipeline/runs/pr2019267000/workflow-20190924T032340Z	/home/lihe/study/eq_collect/gnss-earthscope-pipeline/runs/pr2019267000/workflow-20190924T032340Z/reports/workflow-summary.json	EXPORTED	us-pr2019267000-m6-20190924-67-km-nnw-of-san-antonio-puerto-rico	US	United States	EarthScope	9	9	0	583227	B	quality_status in OK,WARN	AGPR CN05 CRLR EMPR HUPR IGPR P780 PRSN RDMS	COMPLETE
US	EarthScope	us700059qh	6.3	2019-08-29	2019-08-29T15:07:58.646000Z	285 km W of Bandon, Oregon	0	3	HAS_NORMALIZED	DONE	OK	OK	OK		OK	2	1	1	0	1.0	2	2	2						runs/us700059qh/workflow-20190829T150758Z	runs/us700059qh/workflow-20190829T150758Z/reports/workflow-summary.json	EXPORTED	us-us700059qh-m6-3-20190829-285-km-w-of-bandon-oregon	US	United States	EarthScope	2	1	1	127941	C	quality_status in OK,WARN	P364 P365	COMPLETE
US	EarthScope	ci38457511	7.1	2019-07-06	2019-07-06T03:19:53.040000Z	Ridgecrest Earthquake Sequence	154	376	HAS_NORMALIZED																						CURRENT_ONLY												NOT_IN_MANIFEST
US	EarthScope	ci38443183	6.4	2019-07-04	2019-07-04T17:33:49.000000Z	Ridgecrest Earthquake Sequence	185	391	HAS_NORMALIZED																						CURRENT_ONLY												NOT_IN_MANIFEST
US	EarthScope	us7000455l	6.2	2019-06-26	2019-06-26T05:23:51.514Z	4 km SE of Aserrío de Gariché, Panama			HAS_NORMALIZED	DONE	OK	OK	OK		OK	3	1	2	0	1.0	3	3	3						/home/lihe/study/eq_collect/gnss-earthscope-pipeline/runs/us7000455l/workflow-20190626T052351Z	/home/lihe/study/eq_collect/gnss-earthscope-pipeline/runs/us7000455l/workflow-20190626T052351Z/reports/workflow-summary.json	EXPORTED	us-us7000455l-m6-2-20190626-4-km-se-of-aserr-o-de-garich-panama	Americas	Panama	EarthScope	3	1	2	184389	B	quality_status in OK,WARN	CN20 TGPM VRAI	COMPLETE
US	EarthScope	us60003r2r	6.0	2019-05-23	2019-05-23T08:45:17.746000Z	127 km WSW of Adak, Alaska	0	1	HAS_NORMALIZED	DONE	OK	OK	OK		OK	1	1	0	0	1.0	1	1	1						/home/lihe/study/eq_collect/gnss-earthscope-pipeline/runs/us60003r2r/workflow-20190523T084517Z	/home/lihe/study/eq_collect/gnss-earthscope-pipeline/runs/us60003r2r/workflow-20190523T084517Z/reports/workflow-summary.json	EXPORTED	us-us60003r2r-m6-20190523-127-km-wsw-of-adak-alaska	US	United States	EarthScope	1	1	0	64803	C	quality_status in OK,WARN	AB01	COMPLETE
US	EarthScope	us70003k3p	6.0	2019-05-12	2019-05-12T19:24:50.373Z	1 km W of Breñón, Panama			HAS_NORMALIZED	DONE	OK	OK	OK		OK	1	0	1	0	1.0	1	1	1						/home/lihe/study/eq_collect/gnss-earthscope-pipeline/runs/us70003k3p/workflow-20190512T192450Z	/home/lihe/study/eq_collect/gnss-earthscope-pipeline/runs/us70003k3p/workflow-20190512T192450Z/reports/workflow-summary.json	EXPORTED	us-us70003k3p-m6-20190512-1-km-w-of-bre-n-panama	Americas	Panama	EarthScope	1	0	1	64791	C	quality_status in OK,WARN	CN20	COMPLETE
US	EarthScope	us2000izcv	6.0	2018-12-31	2018-12-31T02:35:37.670000Z	87 km SE of King Cove, Alaska	3	4	HAS_NORMALIZED	DONE	OK	OK	OK	OK	WARN	3	1	1	1	0.333	3	3	3	6	OK	OK	OK	336	/home/lihe/study/eq_collect/gnss-earthscope-pipeline/runs/us2000izcv/workflow-20181231T023537Z	/home/lihe/study/eq_collect/gnss-earthscope-pipeline/runs/us2000izcv/workflow-20181231T023537Z/reports/workflow-summary.json	EXPORTED	us-us2000izcv-m6-0-20181231-87-km-se-of-king-cove-alaska	US	United States	EarthScope	1	1	0	60414	C	quality_status in OK,WARN	AC12	COMPLETE
US	EarthScope	ak018fcnsk91	7.1	2018-11-30	2018-11-30T17:29:29.330000Z	1 km SE of Point MacKenzie, Alaska	20	47	HAS_NORMALIZED																						CURRENT_ONLY												NOT_IN_MANIFEST
US	EarthScope	us1000gfvg	6.3	2018-08-23	2018-08-23T03:35:12.270000Z	97 km SW of Adak, Alaska	0	1	HAS_NORMALIZED	DONE	OK	OK	OK		OK	1	1	0	0	1.0	1	1	1						/home/lihe/study/eq_collect/gnss-earthscope-pipeline/runs/us1000gfvg/workflow-20180823T033512Z	/home/lihe/study/eq_collect/gnss-earthscope-pipeline/runs/us1000gfvg/workflow-20180823T033512Z/reports/workflow-summary.json	EXPORTED	us-us1000gfvg-m6-3-20180823-97-km-sw-of-adak-alaska	US	United States	EarthScope	1	1	0	64803	C	quality_status in OK,WARN	AB01	COMPLETE
US	EarthScope	us1000gf8u	6.2	2018-08-22	2018-08-22T09:31:45.530000Z	272 km W of Bandon, Oregon	0	4	HAS_NORMALIZED	DONE	OK	OK	OK		OK	4	4	0	0	1.0	4	4	4						/home/lihe/study/eq_collect/gnss-earthscope-pipeline/runs/us1000gf8u/workflow-20180822T093145Z	/home/lihe/study/eq_collect/gnss-earthscope-pipeline/runs/us1000gf8u/workflow-20180822T093145Z/reports/workflow-summary.json	EXPORTED	us-us1000gf8u-m6-2-20180822-272-km-w-of-bandon-oregon	US	United States	EarthScope	4	4	0	259212	B	quality_status in OK,WARN	CABL P364 P365 P733	COMPLETE
US	EarthScope	us1000gez7	7.3	2018-08-21	2018-08-21T21:31:47.600Z	40 km ENE of Carúpano, Venezuela			HAS_NORMALIZED	DONE	OK	OK	OK		OK	3	3	0	0	1.0	3	3	3						/home/lihe/study/eq_collect/gnss-earthscope-pipeline/runs/us1000gez7/workflow-20180821T213147Z	/home/lihe/study/eq_collect/gnss-earthscope-pipeline/runs/us1000gez7/workflow-20180821T213147Z/reports/workflow-summary.json	EXPORTED	us-us1000gez7-m7-3-20180821-40-km-ene-of-car-pano-venezuela	Americas	Venezuela	EarthScope	3	3	0	174546	B	quality_status in OK,WARN	GRE1 TTSF TTUW	COMPLETE
US	EarthScope	us1000gc0k	6.1	2018-08-17	2018-08-17T23:22:24.950Z	19 km NNW of Golfito, Costa Rica			HAS_NORMALIZED	DONE	OK	OK	OK		OK	2	1	1	0	1.0	2	2	2						/home/lihe/study/eq_collect/gnss-earthscope-pipeline/runs/us1000gc0k/workflow-20180817T232224Z	/home/lihe/study/eq_collect/gnss-earthscope-pipeline/runs/us1000gc0k/workflow-20180817T232224Z/reports/workflow-summary.json	EXPORTED	us-us1000gc0k-m6-1-20180817-19-km-nnw-of-golfito-costa-rica	Americas	Costa Rica	EarthScope	2	1	1	76494	C	quality_status in OK,WARN	CN20 QSEC	COMPLETE
US	EarthScope	us1000ga0z	6.5	2018-08-15	2018-08-15T21:56:56.310000Z	108 km WSW of Adak, Alaska	1	2	HAS_NORMALIZED	DONE	OK	OK	OK		OK	1	1	0	0	1.0	1	1	1						/home/lihe/study/eq_collect/gnss-earthscope-pipeline/runs/us1000ga0z/workflow-20180815T215656Z	/home/lihe/study/eq_collect/gnss-earthscope-pipeline/runs/us1000ga0z/workflow-20180815T215656Z/reports/workflow-summary.json	EXPORTED	us-us1000ga0z-m6-5-20180815-108-km-wsw-of-adak-alaska	US	United States	EarthScope	1	1	0	53655	C	quality_status in OK,WARN	AC66	COMPLETE
US	EarthScope	ak018aasz24z	6.0	2018-08-12	2018-08-12T21:15:00.999000Z	73 km SSW of Kaktovik, Alaska	1	3	HAS_NORMALIZED	DONE	OK	OK	OK		OK	2	0	2	0	1.0	2	2	2						/home/lihe/study/eq_collect/gnss-earthscope-pipeline/runs/ak018aasz24z/workflow-20180812T211500Z	/home/lihe/study/eq_collect/gnss-earthscope-pipeline/runs/ak018aasz24z/workflow-20180812T211500Z/reports/workflow-summary.json	EXPORTED	us-ak018aasz24z-m6-20180812-73-km-ssw-of-kaktovik-alaska	US	United States	EarthScope	2	0	2	120663	C	quality_status in OK,WARN	AB45 TLK2	COMPLETE
US	EarthScope	ak018aap2cqu	6.4	2018-08-12	2018-08-12T14:58:53.503000Z	89 km SW of Kaktovik, Alaska	1	3	HAS_NORMALIZED	DONE	OK	OK	OK		OK	2	0	2	0	1.0	2	2	2						/home/lihe/study/eq_collect/gnss-earthscope-pipeline/runs/ak018aap2cqu/workflow-20180812T145853Z	/home/lihe/study/eq_collect/gnss-earthscope-pipeline/runs/ak018aap2cqu/workflow-20180812T145853Z/reports/workflow-summary.json	EXPORTED	us-ak018aap2cqu-m6-4-20180812-89-km-sw-of-kaktovik-alaska	US	United States	EarthScope	2	0	2	128799	C	quality_status in OK,WARN	AB45 TLK2	COMPLETE
US	EarthScope	hv70116556	6.9	2018-05-04	2018-05-04T22:32:54.650000Z	18 km SSW of Leilani Estates, Hawaii	15	15	HAS_NORMALIZED																						CURRENT_ONLY												NOT_IN_MANIFEST
US	EarthScope	us2000d3km	7.2	2018-02-16	2018-02-16T23:39:39.280Z	4 km S of Pinotepa de Don Luis, Mexico			HAS_NORMALIZED	DONE	OK	OK	OK		OK	9	9	0	0	1.0	9	9	9						/home/lihe/study/eq_collect/gnss-earthscope-pipeline/runs/us2000d3km/workflow-20180216T233939Z	/home/lihe/study/eq_collect/gnss-earthscope-pipeline/runs/us2000d3km/workflow-20180216T233939Z/reports/workflow-summary.json	EXPORTED	us-us2000d3km-m7-2-20180216-4-km-s-of-pinotepa-de-don-luis-mexico	Americas	Mexico	EarthScope	9	9	0	294516	B	quality_status in OK,WARN	OXPE OXUM TNAT TNCY TNMQ TNNP TNNX TNSJ UTON	COMPLETE
US	EarthScope	us2000cmy3	7.9	2018-01-23	2018-01-23T09:31:40.890000Z	261 km SE of Chiniak, Alaska	0	2	HAS_NORMALIZED																						CURRENT_ONLY												NOT_IN_MANIFEST
US	EarthScope	us2000cl83	6.3	2018-01-19	2018-01-19T16:17:44.720Z	79 km NNE of Loreto, Mexico			HAS_NORMALIZED	DONE	OK	OK	OK		OK	2	2	0	0	1.0	2	2	2						/home/lihe/study/eq_collect/gnss-earthscope-pipeline/runs/us2000cl83/workflow-20180119T161744Z	/home/lihe/study/eq_collect/gnss-earthscope-pipeline/runs/us2000cl83/workflow-20180119T161744Z/reports/workflow-summary.json	EXPORTED	us-us2000cl83-m6-3-20180119-79-km-nne-of-loreto-mexico	Americas	Mexico	EarthScope	2	2	0	118803	C	quality_status in OK,WARN	TNHM TNTB	COMPLETE
US	EarthScope	us2000bmhe	6.5	2017-11-13	2017-11-13T02:28:23.680Z	18 km W of Parrita, Costa Rica			HAS_NORMALIZED	DONE	OK	OK	OK		OK	3	1	2	0	1.0	3	3	3						/home/lihe/study/eq_collect/gnss-earthscope-pipeline/runs/us2000bmhe/workflow-20171113T022823Z	/home/lihe/study/eq_collect/gnss-earthscope-pipeline/runs/us2000bmhe/workflow-20171113T022823Z/reports/workflow-summary.json	EXPORTED	us-us2000bmhe-m6-5-20171113-18-km-w-of-parrita-costa-rica	Americas	Costa Rica	EarthScope	3	1	2	175329	B	quality_status in OK,WARN	CN20 CN30 QSEC	COMPLETE
US	EarthScope	us2000atjv	6.1	2017-09-23	2017-09-23T12:53:01.480Z	7 km NNE of Ixtepec, Mexico			HAS_NORMALIZED	DONE	OK	OK	OK		OK	3	2	1	0	1.0	3	3	3						/home/lihe/study/eq_collect/gnss-earthscope-pipeline/runs/us2000atjv/workflow-20170923T125301Z	/home/lihe/study/eq_collect/gnss-earthscope-pipeline/runs/us2000atjv/workflow-20170923T125301Z/reports/workflow-summary.json	EXPORTED	us-us2000atjv-m6-1-20170923-7-km-nne-of-ixtepec-mexico	Americas	Mexico	EarthScope	3	2	1	172677	B	quality_status in OK,WARN	OXPE OXUM TNSJ	COMPLETE
US	EarthScope	us2000ar20	7.1	2017-09-19	2017-09-19T18:14:38.090Z	1 km S of Matzaco, Mexico			HAS_NORMALIZED	DONE	OK	OK	OK		OK	7	7	0	0	1.0	7	7	7						/home/lihe/study/eq_collect/gnss-earthscope-pipeline/runs/us2000ar20/workflow-20170919T181438Z	/home/lihe/study/eq_collect/gnss-earthscope-pipeline/runs/us2000ar20/workflow-20170919T181438Z/reports/workflow-summary.json	EXPORTED	us-us2000ar20-m7-1-20170919-1-km-s-of-matzaco-mexico	Americas	Mexico	EarthScope	7	7	0	453621	B	quality_status in OK,WARN	TNAT TNCY TNGF TNMQ TNNX UTON UXAL	COMPLETE
US	EarthScope	us2000ahv0	8.2	2017-09-08	2017-09-08T04:49:19.180Z	2017 Tehuantepec, Mexico Earthquake			HAS_NORMALIZED	DONE	OK	OK	OK		OK	2	2	0	0	1.0	2	2	2						/home/lihe/study/eq_collect/gnss-earthscope-pipeline/runs/us2000ahv0/workflow-20170908T044919Z	/home/lihe/study/eq_collect/gnss-earthscope-pipeline/runs/us2000ahv0/workflow-20170908T044919Z/reports/workflow-summary.json	EXPORTED	us-us2000ahv0-m8-2-20170908-2017-tehuantepec-mexico-earthquake	Americas	Mexico	EarthScope	2	2	0	129606	C	quality_status in OK,WARN	CN25 OXUM	COMPLETE
US	EarthScope	us20009p1a	6.8	2017-06-22	2017-06-22T12:31:03.490Z	28 km SW of Puerto San José, Guatemala			HAS_NORMALIZED	DONE	OK	OK	OK		OK	1	1	0	0	1.0	1	1	1						/home/lihe/study/eq_collect/gnss-earthscope-pipeline/runs/us20009p1a/workflow-20170622T123103Z	/home/lihe/study/eq_collect/gnss-earthscope-pipeline/runs/us20009p1a/workflow-20170622T123103Z/reports/workflow-summary.json	EXPORTED	us-us20009p1a-m6-8-20170622-28-km-sw-of-puerto-san-jos-guatemala	Americas	Guatemala	EarthScope	1	1	0	64803	C	quality_status in OK,WARN	SSIA	COMPLETE
US	EarthScope	us10008rtu	6.2	2017-05-12	2017-05-12T10:41:26.710Z	78 km SSW of Acajutla, El Salvador			HAS_NORMALIZED	DONE	OK	OK	OK		OK	2	1	1	0	1.0	2	2	2						/home/lihe/study/eq_collect/gnss-earthscope-pipeline/runs/us10008rtu/workflow-20170512T104126Z	/home/lihe/study/eq_collect/gnss-earthscope-pipeline/runs/us10008rtu/workflow-20170512T104126Z/reports/workflow-summary.json	EXPORTED	us-us10008rtu-m6-2-20170512-78-km-ssw-of-acajutla-el-salvador	Americas	El Salvador	EarthScope	2	1	1	118800	C	quality_status in OK,WARN	CN21 SSIA	COMPLETE
US	EarthScope	us10008mgu	6.3	2017-05-01	2017-05-01T14:18:15.290000Z	48 km NW of Mosquito Lake, Alaska	4	4	HAS_NORMALIZED	DONE	OK	OK	OK	OK	OK	4	4	0	0	1.0	4	4	4	8	OK	OK	OK	578	/home/lihe/study/eq_collect/gnss-earthscope-pipeline/runs/us10008mgu/workflow-20170501T141815Z	/home/lihe/study/eq_collect/gnss-earthscope-pipeline/runs/us10008mgu/workflow-20170501T141815Z/reports/workflow-summary.json	EXPORTED	us-us10008mgu-m6-3-20170501-48-km-nw-of-mosquito-lake-alaska	US	United States	EarthScope	4	4	0	259212	B	quality_status in OK,WARN	AB42 AB43 AB44 AB50	COMPLETE
US	EarthScope	us10008mel	6.2	2017-05-01	2017-05-01T12:31:55.590000Z	47 km NW of Mosquito Lake, Alaska	4	4	HAS_NORMALIZED	DONE	OK	OK	OK	OK	OK	4	4	0	0	1.0	4	4	4	8	OK	OK	OK	631	/home/lihe/study/eq_collect/gnss-earthscope-pipeline/runs/us10008mel/workflow-20170501T123155Z	/home/lihe/study/eq_collect/gnss-earthscope-pipeline/runs/us10008mel/workflow-20170501T123155Z/reports/workflow-summary.json	EXPORTED	us-us10008mel-m6-2-20170501-47-km-nw-of-mosquito-lake-alaska	US	United States	EarthScope	4	4	0	259212	B	quality_status in OK,WARN	AB42 AB43 AB44 AB50	COMPLETE
US	EarthScope	us20007z6r	6.6	2016-12-08	2016-12-08T14:49:45.910000Z	164 km W of Ferndale, California	13	59	HAS_NORMALIZED	DONE	OK	OK	OK	OK	WARN	13	3	9	1	0.231	13	14	13	24	OK	OK	OK	1699	/home/lihe/study/eq_collect/gnss-earthscope-pipeline/runs/us20007z6r/workflow-20161208T144945Z	/home/lihe/study/eq_collect/gnss-earthscope-pipeline/runs/us20007z6r/workflow-20161208T144945Z/reports/workflow-summary.json	EXPORTED	us-us20007z6r-m6-6-20161208-164-km-w-of-ferndale-california	US	United States	EarthScope	3	3	0	194409	B	quality_status in OK,WARN	P157 P163 P167	COMPLETE
US	EarthScope	us10007c4w	6.9	2016-11-24	2016-11-24T18:43:47.710Z	156 km SSW of Puerto El Triunfo, El Salvador			HAS_NORMALIZED	DONE	OK	OK	OK		OK	2	1	1	0	1.0	2	2	2						/home/lihe/study/eq_collect/gnss-earthscope-pipeline/runs/us10007c4w/workflow-20161124T184347Z	/home/lihe/study/eq_collect/gnss-earthscope-pipeline/runs/us10007c4w/workflow-20161124T184347Z/reports/workflow-summary.json	EXPORTED	us-us10007c4w-m6-9-20161124-156-km-ssw-of-puerto-el-triunfo-el-salvador	Americas	El Salvador	EarthScope	2	1	1	129528	C	quality_status in OK,WARN	CN22 SSIA	COMPLETE
NZ	GeoNet	2016p859524	6.7	2016-11-14	2016-11-14T00:34:23Z	25 km east of Hanmer Springs	21	34	HAS_NORMALIZED	DONE	OK	OK	OK	OK	OK	21	21	0	0	1.0	21	21	21	42	OK	OK	OK	407	/home/lihe/study/eq_collect/gnss-earthscope-pipeline/runs/2016p859524/workflow-20161114T003423Z	/home/lihe/study/eq_collect/gnss-earthscope-pipeline/runs/2016p859524/workflow-20161114T003423Z/reports/workflow-summary.json	EXPORTED	nz-2016p859524-m6-7-20161114-25-km-east-of-hanmer-springs	Americas	Americas	EarthScope	21	21	0	193473	A	quality_status in OK,WARN	CLSK CMBL DURV GLDB HANM KAIK LKTA MAHA MQZG MRBL NLSN OKOH TKHL TORY TRWH V47B WEST WGTN WGTT WITH YALD	COMPLETE
NZ	GeoNet	2016p858094	6.1	2016-11-13	2016-11-13T11:52:44Z	20 km north of Kaikoura	31	48	HAS_NORMALIZED	DONE	OK	OK	OK	OK	OK	31	30	1	0	0.968	31	31	31	62	OK	OK	OK	1085	/home/lihe/study/eq_collect/gnss-earthscope-pipeline/runs/2016p858094/workflow-20161113T115244Z	/home/lihe/study/eq_collect/gnss-earthscope-pipeline/runs/2016p858094/workflow-20161113T115244Z/reports/workflow-summary.json	EXPORTED	nz-2016p858094-m6-1-20161113-20-km-north-of-kaikoura	Americas	Americas	EarthScope	30	30	0	78084	A	quality_status in OK,WARN	AVLN BTHL CLIM CLSK CMBL GLDB HANM KAIK KAPT LKTA MAHA MQZG MRBL MTQN NLSN OKOH PAEK PALI PARW RDLV TKHL TORY TRAV TRWH V47B WEST WGTN WGTT WITH YALD	COMPLETE
NZ	GeoNet	2016p858055	6.2	2016-11-13	2016-11-13T11:32:07Z	15 km north of Kaikoura	31	48	HAS_NORMALIZED	DONE	OK	OK	OK	OK	OK	31	29	2	0	0.935	31	31	31	62	OK	OK	OK	1494	/home/lihe/study/eq_collect/gnss-earthscope-pipeline/runs/2016p858055/workflow-20161113T113207Z	/home/lihe/study/eq_collect/gnss-earthscope-pipeline/runs/2016p858055/workflow-20161113T113207Z/reports/workflow-summary.json	EXPORTED	nz-2016p858055-m6-2-20161113-15-km-north-of-kaikoura	Americas	Americas	EarthScope	29	29	0	290841	A	quality_status in OK,WARN	AVLN BTHL CLIM CLSK GLDB HANM KAIK KAPT LKTA MAHA MQZG MRBL MTQN NLSN OKOH PAEK PALI PARW RDLV TKHL TORY TRAV TRWH V47B WEST WGTN WGTT WITH YALD	COMPLETE
NZ	GeoNet	2016p858021	6.0	2016-11-13	2016-11-13T11:12:35Z	5 km east of Kaikoura	30	48	HAS_NORMALIZED	DONE	OK	OK	OK	OK	WARN	30	20	7	3	0.667	30	30	30	60	OK	OK	OK	1616	/home/lihe/study/eq_collect/gnss-earthscope-pipeline/runs/2016p858021/workflow-20161113T111235Z	/home/lihe/study/eq_collect/gnss-earthscope-pipeline/runs/2016p858021/workflow-20161113T111235Z/reports/workflow-summary.json	EXPORTED	nz-2016p858021-m6-0-20161113-5-km-east-of-kaikoura	Americas	Americas	EarthScope	20	20	0	341220	A	quality_status in OK,WARN	AVLN CLSK KAPT LKTA MAHA MQZG MTQN NLSN OKOH PAEK PALI PARW RDLV TKHL TORY TRAV TRWH WEST WGTN YALD	COMPLETE
NZ	GeoNet	2016p858007	6.0	2016-11-13	2016-11-13T11:05:14Z	45 km south-west of Seddon	33	46	HAS_NORMALIZED	DONE	REUSED	OK	OK	OK	WARN	32	22	6	4	0.688	32	33	32	64	OK	OK	OK	1691	/home/lihe/study/eq_collect/gnss-earthscope-pipeline/runs/2016p858007/workflow-20161113T110514Z	/home/lihe/study/eq_collect/gnss-earthscope-pipeline/runs/2016p858007/workflow-20161113T110514Z/reports/workflow-summary.json	EXPORTED	nz-2016p858007-m6-0-20161113-45-km-south-west-of-seddon	Americas	Americas	EarthScope	22	22	0	433554	A	quality_status in OK,WARN	AVLN CLSK GLDB KAPT LKTA MAHA MRBL MTQN NLSN OKOH OTAK PAEK PALI PARW RDLV TKHL TORY TRAV TRWH WEST WGTN YALD	COMPLETE
NZ	GeoNet	2016p858000	7.8	2016-11-13	2016-11-13T11:02:56Z	15 km north-east of Culverden	17	49	HAS_NORMALIZED	DONE	OK	OK	OK	OK	OK	17	14	2	1	0.824	17	17	17	34	OK	OK	OK	2114	/home/lihe/study/eq_collect/gnss-earthscope-pipeline/runs/2016p858000/workflow-20161113T110256Z	/home/lihe/study/eq_collect/gnss-earthscope-pipeline/runs/2016p858000/workflow-20161113T110256Z/reports/workflow-summary.json	EXPORTED	nz-2016p858000-m7-8-20161113-15-km-north-east-of-culverden	Americas	Americas	EarthScope	14	14	0	287490	B	quality_status in OK,WARN	CLSK HANM HOKI LKTA MAHA METH MQZG MRBL NLSN TKHL TORY WEST WITH YALD	COMPLETE
NZ	GeoNet	2016p661723	6.0	2016-09-01	2016-09-01T20:06:03Z	125 km north-east of Te Araroa	7	8	NO_EXISTING	DONE	OK	OK	FAIL	SKIPPED	SKIPPED_NO_KIN	0	0	0	0		8	8	0	0	SKIPPED_WORKFLOW_FAILED	SKIPPED_WORKFLOW_FAILED	SKIPPED_WORKFLOW_FAILED	24	/home/lihe/study/eq_collect/gnss-earthscope-pipeline/runs/2016p661723/workflow-20160901T200603Z	/home/lihe/study/eq_collect/gnss-earthscope-pipeline/runs/2016p661723/workflow-20160901T200603Z/reports/workflow-summary.json	CURRENT_ONLY												NOT_IN_MANIFEST
NZ	GeoNet	2016p661400	6.2	2016-09-01	2016-09-01T17:14:05Z	105 km north-east of Te Araroa	7	8	HAS_NORMALIZED	DONE	OK	OK	OK	OK	OK	8	8	0	0	1.0	8	8	8	16	OK	OK	OK	545	/home/lihe/study/eq_collect/gnss-earthscope-pipeline/runs/2016p661400/workflow-20160901T171405Z	/home/lihe/study/eq_collect/gnss-earthscope-pipeline/runs/2016p661400/workflow-20160901T171405Z/reports/workflow-summary.json	EXPORTED	nz-2016p661400-m6-2-20160901-105-km-north-east-of-te-araroa	Americas	Americas	EarthScope	8	8	0	132168	B	quality_status in OK,WARN	ANAU GISB HIKB PAKI PUKE RAUM TAUW WMAT	COMPLETE
NZ	GeoNet	2016p661332	7.1	2016-09-01	2016-09-01T16:37:55Z	120 km north-east of Te Araroa	7	8	HAS_NORMALIZED	DONE	OK	OK	OK	OK	OK	8	8	0	0	1.0	8	8	8	16	OK	OK	OK	1609	/home/lihe/study/eq_collect/gnss-earthscope-pipeline/runs/2016p661332/workflow-20160901T163755Z	/home/lihe/study/eq_collect/gnss-earthscope-pipeline/runs/2016p661332/workflow-20160901T163755Z/reports/workflow-summary.json	EXPORTED	nz-2016p661332-m7-1-20160901-120-km-north-east-of-te-araroa	Americas	Americas	EarthScope	8	8	0	236328	B	quality_status in OK,WARN	ANAU GISB HIKB PAKI PUKE RAUM TAUW WMAT	COMPLETE
US	EarthScope	us200063cy	6.1	2016-06-10	2016-06-10T03:25:22.920Z	Nicaragua			HAS_NORMALIZED	DONE	OK	OK	OK		OK	11	8	3	0	1.0	11	11	11						/home/lihe/study/eq_collect/gnss-earthscope-pipeline/runs/us200063cy/workflow-20160610T032522Z	/home/lihe/study/eq_collect/gnss-earthscope-pipeline/runs/us200063cy/workflow-20160610T032522Z/reports/workflow-summary.json	EXPORTED	us-us200063cy-m6-1-20160610-nicaragua	Americas	Nicaragua	EarthScope	11	8	3	712749	B	quality_status in OK,WARN	CN21 CN22 ELMA KIOS MANA MOM0 MOMI QUEN SSIA TECF TELN	COMPLETE
US	EarthScope	ak01649w95tp	6.2	2016-04-02	2016-04-02T05:50:00.932000Z	42 km E of Port Heiden, Alaska	3	6	HAS_NORMALIZED	DONE	OK	OK	OK	OK	OK	3	3	0	0	1.0	3	3	3	6	OK	OK	OK	591	/home/lihe/study/eq_collect/gnss-earthscope-pipeline/runs/ak01649w95tp/workflow-20160402T055000Z	/home/lihe/study/eq_collect/gnss-earthscope-pipeline/runs/ak01649w95tp/workflow-20160402T055000Z/reports/workflow-summary.json	EXPORTED	us-ak01649w95tp-m6-2-20160402-42-km-e-of-port-heiden-alaska	US	United States	EarthScope	3	3	0	194409	B	quality_status in OK,WARN	AB13 AC40 AC52	COMPLETE
US	EarthScope	us20005axu	6.0	2016-03-19	2016-03-19T01:35:12.170000Z	75 km S of Atka, Alaska	1	1	HAS_NORMALIZED	DONE	OK	OK	OK		OK	1	1	0	0	1.0	1	1	1						/home/lihe/study/eq_collect/gnss-earthscope-pipeline/runs/us20005axu/workflow-20160319T013512Z	/home/lihe/study/eq_collect/gnss-earthscope-pipeline/runs/us20005axu/workflow-20160319T013512Z/reports/workflow-summary.json	EXPORTED	us-us20005axu-m6-20160319-75-km-s-of-atka-alaska	US	United States	EarthScope	1	1	0	49539	C	quality_status in OK,WARN	AB01	COMPLETE
US	EarthScope	us10004x1w	6.3	2016-03-12	2016-03-12T18:06:44.760000Z	72 km SSE of Atka, Alaska	1	1	HAS_NORMALIZED	DONE	OK	OK	OK		OK	1	1	0	0	1.0	1	1	1						/home/lihe/study/eq_collect/gnss-earthscope-pipeline/runs/us10004x1w/workflow-20160312T180644Z	/home/lihe/study/eq_collect/gnss-earthscope-pipeline/runs/us10004x1w/workflow-20160312T180644Z/reports/workflow-summary.json	EXPORTED	us-us10004x1w-m6-3-20160312-72-km-sse-of-atka-alaska	US	United States	EarthScope	1	1	0	64803	C	quality_status in OK,WARN	AB01	COMPLETE
US	EarthScope	ak01613v15nv	7.1	2016-01-24	2016-01-24T10:30:29.557000Z	47 km ESE of Pedro Bay, Alaska	21	33	HAS_NORMALIZED	DONE	OK	OK	OK	OK	OK	21	17	3	1	0.81	21	21	21	40	OK	OK	OK	2550	/home/lihe/study/eq_collect/gnss-earthscope-pipeline/runs/ak01613v15nv/workflow-20160124T103029Z	/home/lihe/study/eq_collect/gnss-earthscope-pipeline/runs/ak01613v15nv/workflow-20160124T103029Z/reports/workflow-summary.json	EXPORTED	us-ak01613v15nv-m7-1-20160124-47-km-ese-of-pedro-bay-alaska	US	United States	EarthScope	17	17	0	1101651	A	quality_status in OK,WARN	AB22 AC03 AC06 AC08 AC17 AC18 AC23 AC27 AC37 AC39 AC47 AC59 AV01 AV02 AV16 AV20 SELD	COMPLETE
US	EarthScope	us100047zq	6.6	2015-12-17	2015-12-17T19:49:53.050Z	4 km W of Manuel Ávila Camacho (Ponte Duro), Mexico			HAS_NORMALIZED	DONE	OK	OK	OK		OK	1	1	0	0	1.0	1	1	1						/home/lihe/study/eq_collect/gnss-earthscope-pipeline/runs/us100047zq/workflow-20151217T194953Z	/home/lihe/study/eq_collect/gnss-earthscope-pipeline/runs/us100047zq/workflow-20151217T194953Z/reports/workflow-summary.json	EXPORTED	us-us100047zq-m6-6-20151217-4-km-w-of-manuel-vila-camacho-ponte-duro-mexico	Americas	Mexico	EarthScope	1	1	0	64803	C	quality_status in OK,WARN	OXTH	COMPLETE
US	EarthScope	us10003vyx	6.5	2015-11-09	2015-11-09T16:03:46.070000Z	99 km SE of Atka, Alaska	1	1	HAS_NORMALIZED	DONE	OK	OK	OK		OK	1	1	0	0	1.0	1	1	1						/home/lihe/study/eq_collect/gnss-earthscope-pipeline/runs/us10003vyx/workflow-20151109T160346Z	/home/lihe/study/eq_collect/gnss-earthscope-pipeline/runs/us10003vyx/workflow-20151109T160346Z/reports/workflow-summary.json	EXPORTED	us-us10003vyx-m6-5-20151109-99-km-se-of-atka-alaska	US	United States	EarthScope	1	1	0	64803	C	quality_status in OK,WARN	AB01	COMPLETE
US	EarthScope	us20003hq5	6.0	2015-09-10	2015-09-10T10:26:44.810000Z	104 km SSW of Nikolski, Alaska	1	1	HAS_NORMALIZED	DONE	OK	OK	OK		OK	1	1	0	0	1.0	1	1	1						/home/lihe/study/eq_collect/gnss-earthscope-pipeline/runs/us20003hq5/workflow-20150910T102644Z	/home/lihe/study/eq_collect/gnss-earthscope-pipeline/runs/us20003hq5/workflow-20150910T102644Z/reports/workflow-summary.json	EXPORTED	us-us20003hq5-m6-20150910-104-km-ssw-of-nikolski-alaska	US	United States	EarthScope	1	1	0	64803	C	quality_status in OK,WARN	AB02	COMPLETE
US	EarthScope	ak0159nc9dk8	6.4	2015-07-29	2015-07-29T02:35:59.449000Z	52 km ENE of Pedro Bay, Alaska	24	28	HAS_NORMALIZED	DONE	OK	OK	OK	OK	OK	24	24	0	0	1.0	24	24	24	48	OK	OK	OK	3021	/home/lihe/study/eq_collect/gnss-earthscope-pipeline/runs/ak0159nc9dk8/workflow-20150729T023559Z	/home/lihe/study/eq_collect/gnss-earthscope-pipeline/runs/ak0159nc9dk8/workflow-20150729T023559Z/reports/workflow-summary.json	EXPORTED	us-ak0159nc9dk8-m6-4-20150729-52-km-ene-of-pedro-bay-alaska	US	United States	EarthScope	24	24	0	1451520	A	quality_status in OK,WARN	AB22 AC03 AC06 AC08 AC17 AC18 AC23 AC27 AC36 AC37 AC39 AC47 AC51 AC59 AV01 AV02 AV04 AV11 AV16 AV17 AV18 AV19 AV20 SELD	COMPLETE
US	EarthScope	us200030aq	6.9	2015-07-27	2015-07-27T04:49:46.400000Z	Fox Islands, Aleutian Islands, Alaska	1	3	HAS_NORMALIZED	DONE	OK	OK	OK	OK	OK	1	1	0	0	1.0	1	1	1	2	OK	OK	OK	246	/home/lihe/study/eq_collect/gnss-earthscope-pipeline/runs/us200030aq/workflow-20150727T044946Z	/home/lihe/study/eq_collect/gnss-earthscope-pipeline/runs/us200030aq/workflow-20150727T044946Z/reports/workflow-summary.json	EXPORTED	us-us200030aq-m6-9-20150727-fox-islands-aleutian-islands-alaska	US	United States	EarthScope	1	1	0	64803	C	quality_status in OK,WARN	AB02	COMPLETE
US	EarthScope	ak0156uj8rk3	6.8	2015-05-29	2015-05-29T07:00:09.634000Z	117 km SSE of Ugashik, Alaska	6	13	HAS_NORMALIZED	DONE	OK	OK	OK	OK	OK	6	5	1	0	0.833	6	6	6	12	OK	OK	OK	993	/home/lihe/study/eq_collect/gnss-earthscope-pipeline/runs/ak0156uj8rk3/workflow-20150529T070009Z	/home/lihe/study/eq_collect/gnss-earthscope-pipeline/runs/ak0156uj8rk3/workflow-20150529T070009Z/reports/workflow-summary.json	EXPORTED	us-ak0156uj8rk3-m6-8-20150529-117-km-sse-of-ugashik-alaska	US	United States	EarthScope	5	5	0	324015	B	quality_status in OK,WARN	AB13 AC02 AC13 AC40 AC52	COMPLETE
NZ	GeoNet	2015p305812	6.2	2015-04-24	2015-04-24T03:36:42Z	35 km south-east of St Arnaud	2	3	HAS_NORMALIZED	DONE	REUSED	OK	OK	OK	OK	3	3	0	0	1.0	3	3	3	6				262	/home/lihe/study/eq_collect/gnss-earthscope-pipeline/runs/2015p305812/workflow-20150424T033642Z	/home/lihe/study/eq_collect/gnss-earthscope-pipeline/runs/2015p305812/workflow-20150424T033642Z/reports/workflow-summary.json	EXPORTED	nz-2015p305812-m6-2-20150424-35-km-south-east-of-st-arnaud	Americas	Americas	EarthScope	3	3	0	25137	B	quality_status in OK,WARN	HANM KAIK MTJO	COMPLETE
US	EarthScope	usc000t4gc	6.1	2014-12-07	2014-12-07T21:16:35.740Z	61 km SSW of Nueva Concepción, Guatemala			HAS_NORMALIZED	DONE	OK	OK	OK		OK	1	1	0	0	1.0	1	1	1						/home/lihe/study/eq_collect/gnss-earthscope-pipeline/runs/usc000t4gc/workflow-20141207T211635Z	/home/lihe/study/eq_collect/gnss-earthscope-pipeline/runs/usc000t4gc/workflow-20141207T211635Z/reports/workflow-summary.json	EXPORTED	us-usc000t4gc-m6-1-20141207-61-km-ssw-of-nueva-concepci-n-guatemala	Americas	Guatemala	EarthScope	1	1	0	60918	C	quality_status in OK,WARN	SSIA	COMPLETE
NZ	GeoNet	2014p864702	6.5	2014-11-16	2014-11-16T22:33:17Z	150 km east of Te Araroa	7	7	HAS_NORMALIZED	DONE	OK	OK	OK	OK	OK	7	6	0	1	0.857	7	7	7	14	OK	OK	OK	965	/home/lihe/study/eq_collect/gnss-earthscope-pipeline/runs/2014p864702/workflow-20141116T223317Z	/home/lihe/study/eq_collect/gnss-earthscope-pipeline/runs/2014p864702/workflow-20141116T223317Z/reports/workflow-summary.json	EXPORTED	nz-2014p864702-m6-5-20141116-150-km-east-of-te-araroa	Americas	Americas	EarthScope	6	6	0	56682	B	quality_status in OK,WARN	ANAU CNST HIKB PAKI TAUW WMAT	COMPLETE
US	EarthScope	usb000slwn	7.3	2014-10-14	2014-10-14T03:51:34.460Z	74 km S of Intipucá, El Salvador			HAS_NORMALIZED	DONE	OK	OK	OK		OK	3	2	1	0	1.0	3	3	3						runs/usb000slwn/workflow-20141014T035134Z	runs/usb000slwn/workflow-20141014T035134Z/reports/workflow-summary.json	EXPORTED	us-usb000slwn-m7-3-20141014-74-km-s-of-intipuc-el-salvador	Americas	El Salvador	EarthScope	3	2	1	194403	B	quality_status in OK,WARN	CN21 JCFI MANA	COMPLETE
NZ	GeoNet	2014p770859	6.2	2014-10-13	2014-10-13T05:13:41Z	140 km west of Tuatapere	1	1	HAS_NORMALIZED	DONE	OK	OK	OK	OK	OK	1	1	0	0	1.0	1	1	1	2	OK	OK	OK	76	/home/lihe/study/eq_collect/gnss-earthscope-pipeline/runs/2014p770859/workflow-20141013T051341Z	/home/lihe/study/eq_collect/gnss-earthscope-pipeline/runs/2014p770859/workflow-20141013T051341Z/reports/workflow-summary.json	EXPORTED	nz-2014p770859-m6-2-20141013-140-km-west-of-tuatapere	Americas	Americas	EarthScope	1	1	0	4923	C	quality_status in OK,WARN	PYGR	COMPLETE
US	EarthScope	ak014cbigci8	6.2	2014-09-25	2014-09-25T17:51:17.606000Z	22 km WSW of Skwentna, Alaska	8	12	HAS_NORMALIZED	DONE	OK	OK	OK	OK	OK	8	8	0	0	1.0	8	8	8	16	OK	OK	OK	1009	/home/lihe/study/eq_collect/gnss-earthscope-pipeline/runs/ak014cbigci8/workflow-20140925T175117Z	/home/lihe/study/eq_collect/gnss-earthscope-pipeline/runs/ak014cbigci8/workflow-20140925T175117Z/reports/workflow-summary.json	EXPORTED	us-ak014cbigci8-m6-2-20140925-22-km-wsw-of-skwentna-alaska	US	United States	EarthScope	8	8	0	518424	B	quality_status in OK,WARN	AC32 AC33 AC36 AC46 AC51 AC75 AC80 ATW2	COMPLETE
US	EarthScope	nc72282711	6.0	2014-08-24	2014-08-24T10:20:44.070000Z	The 2014 South Napa, California Earthquake	124	222	HAS_NORMALIZED																						CURRENT_ONLY												NOT_IN_MANIFEST
US	EarthScope	ak0149guzic1	6.0	2014-07-25	2014-07-25T10:54:50.417000Z	40 km WNW of Elfin Cove, Alaska	4	6	HAS_NORMALIZED	DONE	OK	OK	OK	OK	WARN	4	3	1	0	0.75	4	4	4	8	OK	OK	OK	736	/home/lihe/study/eq_collect/gnss-earthscope-pipeline/runs/ak0149guzic1/workflow-20140725T105450Z	/home/lihe/study/eq_collect/gnss-earthscope-pipeline/runs/ak0149guzic1/workflow-20140725T105450Z/reports/workflow-summary.json	EXPORTED	us-ak0149guzic1-m6-0-20140725-40-km-wnw-of-elfin-cove-alaska	US	United States	EarthScope	3	3	0	194409	B	quality_status in OK,WARN	AB42 AB43 AB50	COMPLETE
US	EarthScope	usb000rtp6	6.0	2014-07-17	2014-07-17T11:49:33.930000Z	90 km NNW of Yakutat, Alaska	2	3	HAS_NORMALIZED	DONE	OK	OK	OK	OK	OK	2	2	0	0	1.0	2	2	2	4	OK	OK	OK	260	/home/lihe/study/eq_collect/gnss-earthscope-pipeline/runs/usb000rtp6/workflow-20140717T114933Z	/home/lihe/study/eq_collect/gnss-earthscope-pipeline/runs/usb000rtp6/workflow-20140717T114933Z/reports/workflow-summary.json	EXPORTED	us-usb000rtp6-m6-0-20140717-90-km-nnw-of-yakutat-alaska	US	United States	EarthScope	2	2	0	129606	C	quality_status in OK,WARN	AB35 AB42	COMPLETE
US	EarthScope	usc000p11f	6.0	2014-04-02	2014-04-02T16:13:26.720Z	33 km SSW of Boca Chica, Panama			HAS_NORMALIZED	DONE	OK	OK	OK		OK	1	0	1	0	1.0	1	1	1						/home/lihe/study/eq_collect/gnss-earthscope-pipeline/runs/usc000p11f/workflow-20140402T161326Z	/home/lihe/study/eq_collect/gnss-earthscope-pipeline/runs/usc000p11f/workflow-20140402T161326Z/reports/workflow-summary.json	EXPORTED	us-usc000p11f-m6-20140402-33-km-ssw-of-boca-chica-panama	Americas	Panama	EarthScope	1	0	1	64668	C	quality_status in OK,WARN	CN33	COMPLETE
US	EarthScope	nc72182046	6.8	2014-03-10	2014-03-10T05:18:13.430000Z	77 km WNW of Indianola, California	45	93	HAS_NORMALIZED																						CURRENT_ONLY												NOT_IN_MANIFEST
US	EarthScope	usc000myqq	6.1	2014-02-26	2014-02-26T21:13:40.110000Z	210 km WNW of Nikolski, Alaska	0	2	HAS_NORMALIZED	DONE	OK	OK	OK		OK	2	2	0	0	1.0	2	2	2						/home/lihe/study/eq_collect/gnss-earthscope-pipeline/runs/usc000myqq/workflow-20140226T211340Z	/home/lihe/study/eq_collect/gnss-earthscope-pipeline/runs/usc000myqq/workflow-20140226T211340Z/reports/workflow-summary.json	EXPORTED	us-usc000myqq-m6-1-20140226-210-km-wnw-of-nikolski-alaska	US	United States	EarthScope	2	2	0	122886	C	quality_status in OK,WARN	AB01 AB02	COMPLETE
NZ	GeoNet	2014p051675	6.2	2014-01-20	2014-01-20T02:52:45Z	10 km east of Eketahuna	21	25	HAS_NORMALIZED	DONE	OK	OK	OK	OK	OK	12	12	0	0	1.0	12	12	12	24	OK	OK	OK	2868	/home/lihe/study/eq_collect/gnss-earthscope-pipeline/runs/2014p051675/workflow-20140120T025245Z	/home/lihe/study/eq_collect/gnss-earthscope-pipeline/runs/2014p051675/workflow-20140120T025245Z/reports/workflow-summary.json	EXPORTED	nz-2014p051675-m6-2-20140120-10-km-east-of-eketahuna	Americas	Americas	EarthScope	12	12	0	487047	A	quality_status in OK,WARN	AKTO BIRF CAST DNVK HOLD KORO LEVN MANG MNHR NRRD PTOI TINT	COMPLETE
US	EarthScope	usc000m1w9	6.4	2014-01-13	2014-01-13T04:01:03.240000Z	61 km N of Hatillo, Puerto Rico	5	7	HAS_NORMALIZED	DONE	OK	OK	OK	OK	WARN	5	2	3	0	0.4	5	5	5	10	OK	OK	OK	2268	/home/lihe/study/eq_collect/gnss-earthscope-pipeline/runs/usc000m1w9/workflow-20140113T040103Z	/home/lihe/study/eq_collect/gnss-earthscope-pipeline/runs/usc000m1w9/workflow-20140113T040103Z/reports/workflow-summary.json	EXPORTED	us-usc000m1w9-m6-4-20140113-61-km-n-of-hatillo-puerto-rico	US	United States	EarthScope	2	2	0	126960	C	quality_status in OK,WARN	BYSP MAYZ	COMPLETE
NZ	GeoNet	2013p944608	6.1	2013-12-16	2013-12-16T12:07:24Z	120 km west of Tuatapere	3	4	HAS_NORMALIZED	DONE	OK	OK	OK	OK	OK	4	4	0	0	1.0	4	4	4	8	OK	OK	OK	135	/home/lihe/study/eq_collect/gnss-earthscope-pipeline/runs/2013p944608/workflow-20131216T120724Z	/home/lihe/study/eq_collect/gnss-earthscope-pipeline/runs/2013p944608/workflow-20131216T120724Z/reports/workflow-summary.json	EXPORTED	nz-2013p944608-m6-1-20131216-120-km-west-of-tuatapere	Americas	Americas	EarthScope	4	4	0	10644	B	quality_status in OK,WARN	BLUF LEXA MAVL PYGR	COMPLETE
US	EarthScope	usc000juwv	6.1	2013-09-15	2013-09-15T16:21:37.150000Z	77 km SSW of Atka, Alaska	1	1	HAS_NORMALIZED	DONE	OK	OK	OK		OK	1	1	0	0	1.0	1	1	1						/home/lihe/study/eq_collect/gnss-earthscope-pipeline/runs/usc000juwv/workflow-20130915T162137Z	/home/lihe/study/eq_collect/gnss-earthscope-pipeline/runs/usc000juwv/workflow-20130915T162137Z/reports/workflow-summary.json	EXPORTED	us-usc000juwv-m6-1-20130915-77-km-ssw-of-atka-alaska	US	United States	EarthScope	1	1	0	64803	C	quality_status in OK,WARN	AB01	COMPLETE
US	EarthScope	usb000jguz	6.0	2013-09-04	2013-09-04T06:27:03.560000Z	82 km SSW of Atka, Alaska	1	1	HAS_NORMALIZED	DONE	OK	OK	OK		OK	1	1	0	0	1.0	1	1	1						/home/lihe/study/eq_collect/gnss-earthscope-pipeline/runs/usb000jguz/workflow-20130904T062703Z	/home/lihe/study/eq_collect/gnss-earthscope-pipeline/runs/usb000jguz/workflow-20130904T062703Z/reports/workflow-summary.json	EXPORTED	us-usb000jguz-m6-20130904-82-km-ssw-of-atka-alaska	US	United States	EarthScope	1	1	0	64803	C	quality_status in OK,WARN	AB01	COMPLETE
US	EarthScope	usb000jgju	6.5	2013-09-04	2013-09-04T02:32:30.600000Z	81 km SSW of Atka, Alaska	1	1	HAS_NORMALIZED	DONE	OK	OK	OK		OK	1	1	0	0	1.0	1	1	1						/home/lihe/study/eq_collect/gnss-earthscope-pipeline/runs/usb000jgju/workflow-20130904T023230Z	/home/lihe/study/eq_collect/gnss-earthscope-pipeline/runs/usb000jgju/workflow-20130904T023230Z/reports/workflow-summary.json	EXPORTED	us-usb000jgju-m6-5-20130904-81-km-ssw-of-atka-alaska	US	United States	EarthScope	1	1	0	59853	C	quality_status in OK,WARN	AB01	COMPLETE
US	EarthScope	usb000je9f	6.0	2013-08-31	2013-08-31T06:38:36.350000Z	118 km SSW of Atka, Alaska	1	1	HAS_NORMALIZED	DONE	OK	OK	OK		OK	1	1	0	0	1.0	1	1	1						/home/lihe/study/eq_collect/gnss-earthscope-pipeline/runs/usb000je9f/workflow-20130831T063836Z	/home/lihe/study/eq_collect/gnss-earthscope-pipeline/runs/usb000je9f/workflow-20130831T063836Z/reports/workflow-summary.json	EXPORTED	us-usb000je9f-m6-20130831-118-km-ssw-of-atka-alaska	US	United States	EarthScope	1	1	0	64803	C	quality_status in OK,WARN	AB01	COMPLETE
US	EarthScope	usb000jdt7	7.0	2013-08-30	2013-08-30T16:25:02.300000Z	101 km SW of Atka, Alaska	1	1	HAS_NORMALIZED	DONE	OK	OK	OK	OK	OK	1	1	0	0	1.0	1	1	1	2	OK	OK	OK	239	/home/lihe/study/eq_collect/gnss-earthscope-pipeline/runs/usb000jdt7/workflow-20130830T162502Z	/home/lihe/study/eq_collect/gnss-earthscope-pipeline/runs/usb000jdt7/workflow-20130830T162502Z/reports/workflow-summary.json	EXPORTED	us-usb000jdt7-m7-20130830-101-km-sw-of-atka-alaska	US	United States	EarthScope	1	1	0	64803	C	quality_status in OK,WARN	AB01	COMPLETE
NZ	GeoNet	2013p613797	6.5	2013-08-16	2013-08-16T02:31:05Z	5 km south-east of Seddon	37	81	HAS_NORMALIZED	DONE	OK	OK	OK	OK	OK	37	35	1	1	0.946	37	37	37	74	OK	OK	OK	1428	/home/lihe/study/eq_collect/gnss-earthscope-pipeline/runs/2013p613797/workflow-20130816T023105Z	/home/lihe/study/eq_collect/gnss-earthscope-pipeline/runs/2013p613797/workflow-20130816T023105Z/reports/workflow-summary.json	EXPORTED	nz-2013p613797-m6-5-20130816-5-km-south-east-of-seddon	Americas	Americas	EarthScope	35	35	0	386823	A	quality_status in OK,WARN	AVLN BTHL CAST CLIM CMBL DURV GLDB HOLD KAIK KAPT KORO LEVN LKTA MAHA MANG MAST MTQN NLSN NRRD OKOH OTAK PAEK PALI PARW PTOI RDLV TEMA TINT TORY TRAV TRWH WEST WGTN WGTT WITH	COMPLETE
NZ	GeoNet	2013p543824	6.5	2013-07-21	2013-07-21T05:09:30Z	20 km east of Seddon	37	84	HAS_NORMALIZED	DONE	OK	OK	OK	OK	OK	37	33	4	0	0.892	37	37	37	74	OK	OK	OK	5167	/home/lihe/study/eq_collect/gnss-earthscope-pipeline/runs/2013p543824/workflow-20130721T050930Z	/home/lihe/study/eq_collect/gnss-earthscope-pipeline/runs/2013p543824/workflow-20130721T050930Z/reports/workflow-summary.json	EXPORTED	nz-2013p543824-m6-5-20130721-20-km-east-of-seddon	Americas	Americas	EarthScope	33	33	0	1383249	B	quality_status in OK,WARN	AVLN BIRF BTHL CAST CLIM CMBL GLDB GNBK HOLD KAIK KAPT KORO LEVN MAHA MANG MAST MTBL MTQN NRRD OKOH OTAK PAEK PALI PARW RDLV TEMA TINT TORY TRAV TRWH WGTN WGTT WITH	COMPLETE
US	EarthScope	ak0138esnzr	7.5	2013-01-05	2013-01-05T08:58:14.957000Z	110 km SW of Edna Bay, Alaska	2	3	HAS_NORMALIZED	DONE	OK	OK	OK	OK	WARN	3	2	1	0	0.667	3	3	3	6	OK			1067	/home/lihe/study/eq_collect/gnss-earthscope-pipeline/runs/ak0138esnzr/workflow-20130105T085814Z	/home/lihe/study/eq_collect/gnss-earthscope-pipeline/runs/ak0138esnzr/workflow-20130105T085814Z/reports/workflow-summary.json	EXPORTED	us-ak0138esnzr-m7-5-20130105-110-km-sw-of-edna-bay-alaska	US	United States	EarthScope	2	2	0	129606	C	quality_status in OK,WARN	AB48 AB51	COMPLETE
US	EarthScope	usp000jwyb	6.3	2012-12-14	2012-12-14T10:36:01.590000Z	279 km SSW of Avalon, California	0	2	HAS_NORMALIZED	DONE	OK	OK	OK		OK	2	2	0	0	1.0	2	2	2						/home/lihe/study/eq_collect/gnss-earthscope-pipeline/runs/usp000jwyb/workflow-20121214T103601Z	/home/lihe/study/eq_collect/gnss-earthscope-pipeline/runs/usp000jwyb/workflow-20121214T103601Z/reports/workflow-summary.json	EXPORTED	us-usp000jwyb-m6-3-20121214-279-km-ssw-of-avalon-california	US	United States	EarthScope	2	2	0	129606	C	quality_status in OK,WARN	CAT2 P475	COMPLETE
US	EarthScope	usp000jt0h	6.4	2012-09-26	2012-09-26T23:39:55.110000Z	118 km WSW of Adak, Alaska	1	2	HAS_NORMALIZED	DONE	OK	OK	OK		OK	2	2	0	0	1.0	2	2	2						/home/lihe/study/eq_collect/gnss-earthscope-pipeline/runs/usp000jt0h/workflow-20120926T233955Z	/home/lihe/study/eq_collect/gnss-earthscope-pipeline/runs/usp000jt0h/workflow-20120926T233955Z/reports/workflow-summary.json	EXPORTED	us-usp000jt0h-m6-4-20120926-118-km-wsw-of-adak-alaska	US	United States	EarthScope	2	2	0	70236	C	quality_status in OK,WARN	AB01 AB21	COMPLETE
US	EarthScope	usp000jqvm	7.3	2012-08-27	2012-08-27T04:37:19.430Z	126 km S of Puerto El Triunfo, El Salvador			HAS_NORMALIZED	DONE	OK	OK	OK		OK	1	1	0	0	1.0	1	1	1						/home/lihe/study/eq_collect/gnss-earthscope-pipeline/runs/usp000jqvm/workflow-20120827T043719Z	/home/lihe/study/eq_collect/gnss-earthscope-pipeline/runs/usp000jqvm/workflow-20120827T043719Z/reports/workflow-summary.json	EXPORTED	us-usp000jqvm-m7-3-20120827-126-km-s-of-puerto-el-triunfo-el-salvador	Americas	El Salvador	EarthScope	1	1	0	64803	C	quality_status in OK,WARN	SSIA	COMPLETE
US	EarthScope	usp000jhpg	6.0	2012-04-11	2012-04-11T22:41:46.040000Z	266 km W of Bandon, Oregon	0	5	HAS_NORMALIZED	DONE	OK	OK	OK		OK	5	3	2	0	1.0	5	5	5						/home/lihe/study/eq_collect/gnss-earthscope-pipeline/runs/usp000jhpg/workflow-20120411T224146Z	/home/lihe/study/eq_collect/gnss-earthscope-pipeline/runs/usp000jhpg/workflow-20120411T224146Z/reports/workflow-summary.json	EXPORTED	us-usp000jhpg-m6-20120411-266-km-w-of-bandon-oregon	US	United States	EarthScope	5	3	2	222963	B	quality_status in OK,WARN	CABL P364 P365 P366 P733	COMPLETE
US	EarthScope	nc71338066	6.5	2010-01-10	2010-01-10T00:27:39.320000Z	The 2010 Eureka, California Earthquake	1	1	HAS_NORMALIZED	DONE	OK	OK	OK		OK	1	1	0	0	1.0	1	1	1						/home/lihe/study/eq_collect/gnss-earthscope-pipeline/runs/nc71338066/workflow-20100110T002739Z	/home/lihe/study/eq_collect/gnss-earthscope-pipeline/runs/nc71338066/workflow-20100110T002739Z/reports/workflow-summary.json	EXPORTED	us-nc71338066-m6-5-20100110-the-2010-eureka-california-earthquake	US	United States	EarthScope	1	1	0	37380	C	quality_status in OK,WARN	P159	COMPLETE
