event_dir	event_id	event_time	country	place	usgs_magnitude	depth_km	formula	pgd_component	distance_mode	station_aggregation	station_count	estimated_mw_median	estimated_mw_p16	estimated_mw_p84	residual_mw	abs_residual_mw	station_residual_mean	station_residual_rmse	raw_estimated_mw_median	raw_residual_mw	calibration	calibration_intercept	calibration_slope	full_sample_calibration_intercept	full_sample_calibration_slope
nz-2013p543824-m6-5-20130721-20-km-east-of-seddon	2013p543824	2013-07-21T05:09:30Z	New Zealand	20 km east of Seddon	6.500000	15.600000	melgar_2015	3d	hypocentral	median	33	6.701979	6.466197	6.895869	0.201979	0.201979	0.188846	0.321457							
nz-2013p543824-m6-5-20130721-20-km-east-of-seddon	2013p543824	2013-07-21T05:09:30Z	New Zealand	20 km east of Seddon	6.500000	15.600000	crowell_2016_gfast	3d	hypocentral	median	33	6.925812	6.573472	7.176004	0.425812	0.425812	0.411828	0.498529							
nz-2013p543824-m6-5-20130721-20-km-east-of-seddon	2013p543824	2013-07-21T05:09:30Z	New Zealand	20 km east of Seddon	6.500000	15.600000	ruhl_2019	3d	hypocentral	median	33	6.468981	6.211245	6.684279	-0.031019	0.031019	-0.042706	0.285167							
nz-2013p613797-m6-5-20130816-5-km-south-east-of-seddon	2013p613797	2013-08-16T02:31:05Z	New Zealand	5 km south-east of Seddon	6.500000	7.500000	melgar_2015	3d	hypocentral	median	35	6.834216	6.599339	7.032961	0.334216	0.334216	0.338056	0.410063							
nz-2013p613797-m6-5-20130816-5-km-south-east-of-seddon	2013p613797	2013-08-16T02:31:05Z	New Zealand	5 km south-east of Seddon	6.500000	7.500000	crowell_2016_gfast	3d	hypocentral	median	35	7.025435	6.789819	7.278907	0.525435	0.525435	0.535870	0.602226							
nz-2013p613797-m6-5-20130816-5-km-south-east-of-seddon	2013p613797	2013-08-16T02:31:05Z	New Zealand	5 km south-east of Seddon	6.500000	7.500000	ruhl_2019	3d	hypocentral	median	35	6.608864	6.359008	6.830546	0.108864	0.108864	0.118002	0.279032							
nz-2013p944608-m6-1-20131216-120-km-west-of-tuatapere	2013p944608	2013-12-16T12:07:24Z	New Zealand	120 km west of Tuatapere	6.100000	5.000000	melgar_2015	3d	hypocentral	median	4	7.009722	6.572479	7.186111	0.909722	0.909722	0.784311	0.879238							
nz-2013p944608-m6-1-20131216-120-km-west-of-tuatapere	2013p944608	2013-12-16T12:07:24Z	New Zealand	120 km west of Tuatapere	6.100000	5.000000	crowell_2016_gfast	3d	hypocentral	median	4	7.283862	6.814337	7.470159	1.183862	1.183862	1.047695	1.134773							
nz-2013p944608-m6-1-20131216-120-km-west-of-tuatapere	2013p944608	2013-12-16T12:07:24Z	New Zealand	120 km west of Tuatapere	6.100000	5.000000	ruhl_2019	3d	hypocentral	median	4	6.807419	6.333516	7.001349	0.707419	0.707419	0.572817	0.717538							
nz-2014p051675-m6-2-20140120-10-km-east-of-eketahuna	2014p051675	2014-01-20T02:52:45Z	New Zealand	10 km east of Eketahuna	6.200000	34.200000	melgar_2015	3d	hypocentral	median	12	6.416872	6.292044	6.635016	0.216872	0.216872	0.248122	0.301365							
nz-2014p051675-m6-2-20140120-10-km-east-of-eketahuna	2014p051675	2014-01-20T02:52:45Z	New Zealand	10 km east of Eketahuna	6.200000	34.200000	crowell_2016_gfast	3d	hypocentral	median	12	6.554053	6.482243	6.750658	0.354053	0.354053	0.391355	0.414965							
nz-2014p051675-m6-2-20140120-10-km-east-of-eketahuna	2014p051675	2014-01-20T02:52:45Z	New Zealand	10 km east of Eketahuna	6.200000	34.200000	ruhl_2019	3d	hypocentral	median	12	6.160534	6.028164	6.394637	-0.039466	0.039466	-0.005262	0.182675							
nz-2014p770859-m6-2-20141013-140-km-west-of-tuatapere	2014p770859	2014-10-13T05:13:41Z	New Zealand	140 km west of Tuatapere	6.200000	9.700000	melgar_2015	3d	hypocentral	median	1	6.344631	6.344631	6.344631	0.144631	0.144631	0.144631	0.144631							
nz-2014p770859-m6-2-20141013-140-km-west-of-tuatapere	2014p770859	2014-10-13T05:13:41Z	New Zealand	140 km west of Tuatapere	6.200000	9.700000	crowell_2016_gfast	3d	hypocentral	median	1	6.571545	6.571545	6.571545	0.371545	0.371545	0.371545	0.371545							
nz-2014p770859-m6-2-20141013-140-km-west-of-tuatapere	2014p770859	2014-10-13T05:13:41Z	New Zealand	140 km west of Tuatapere	6.200000	9.700000	ruhl_2019	3d	hypocentral	median	1	6.085429	6.085429	6.085429	-0.114571	0.114571	-0.114571	0.114571							
nz-2014p864702-m6-5-20141116-150-km-east-of-te-araroa	2014p864702	2014-11-16T22:33:17Z	New Zealand	150 km east of Te Araroa	6.500000	32.200000	melgar_2015	3d	hypocentral	median	6	7.406047	7.202922	7.537033	0.906047	0.906047	0.873115	0.893914							
nz-2014p864702-m6-5-20141116-150-km-east-of-te-araroa	2014p864702	2014-11-16T22:33:17Z	New Zealand	150 km east of Te Araroa	6.500000	32.200000	crowell_2016_gfast	3d	hypocentral	median	6	7.570080	7.427255	7.662755	1.070080	1.070080	1.044929	1.053007							
nz-2014p864702-m6-5-20141116-150-km-east-of-te-araroa	2014p864702	2014-11-16T22:33:17Z	New Zealand	150 km east of Te Araroa	6.500000	32.200000	ruhl_2019	3d	hypocentral	median	6	7.235048	7.016027	7.376092	0.735048	0.735048	0.699259	0.729024							
nz-2015p305812-m6-2-20150424-35-km-south-east-of-st-arnaud	2015p305812	2015-04-24T03:36:42Z	New Zealand	35 km south-east of St Arnaud	6.200000	51.500000	melgar_2015	3d	hypocentral	median	3	6.557615	6.515816	6.962732	0.357615	0.357615	0.535712	0.612240							
nz-2015p305812-m6-2-20150424-35-km-south-east-of-st-arnaud	2015p305812	2015-04-24T03:36:42Z	New Zealand	35 km south-east of St Arnaud	6.200000	51.500000	crowell_2016_gfast	3d	hypocentral	median	3	6.758530	6.724687	7.280784	0.558530	0.558530	0.797947	0.881387							
nz-2015p305812-m6-2-20150424-35-km-south-east-of-st-arnaud	2015p305812	2015-04-24T03:36:42Z	New Zealand	35 km south-east of St Arnaud	6.200000	51.500000	ruhl_2019	3d	hypocentral	median	3	6.313877	6.269070	6.760176	0.113877	0.113877	0.310687	0.450362							
nz-2016p661332-m7-1-20160901-120-km-north-east-of-te-araroa	2016p661332	2016-09-01T16:37:55Z	New Zealand	120 km north-east of Te Araroa	7.100000	21.800000	melgar_2015	3d	hypocentral	median	8	7.091648	7.022628	7.220867	-0.008352	0.008352	-0.001102	0.144056							
nz-2016p661332-m7-1-20160901-120-km-north-east-of-te-araroa	2016p661332	2016-09-01T16:37:55Z	New Zealand	120 km north-east of Te Araroa	7.100000	21.800000	crowell_2016_gfast	3d	hypocentral	median	8	7.344319	7.278589	7.443468	0.244319	0.244319	0.237417	0.262236							
nz-2016p661332-m7-1-20160901-120-km-north-east-of-te-araroa	2016p661332	2016-09-01T16:37:55Z	New Zealand	120 km north-east of Te Araroa	7.100000	21.800000	ruhl_2019	3d	hypocentral	median	8	6.897673	6.820604	7.035695	-0.202327	0.202327	-0.196986	0.250588							
nz-2016p661400-m6-2-20160901-105-km-north-east-of-te-araroa	2016p661400	2016-09-01T17:14:05Z	New Zealand	105 km north-east of Te Araroa	6.200000	19.700000	melgar_2015	3d	hypocentral	median	8	6.945154	6.840123	7.097667	0.745154	0.745154	0.761013	0.769843							
nz-2016p661400-m6-2-20160901-105-km-north-east-of-te-araroa	2016p661400	2016-09-01T17:14:05Z	New Zealand	105 km north-east of Te Araroa	6.200000	19.700000	crowell_2016_gfast	3d	hypocentral	median	8	7.217916	7.121849	7.347133	1.017916	1.017916	1.018532	1.024822							
nz-2016p661400-m6-2-20160901-105-km-north-east-of-te-araroa	2016p661400	2016-09-01T17:14:05Z	New Zealand	105 km north-east of Te Araroa	6.200000	19.700000	ruhl_2019	3d	hypocentral	median	8	6.736247	6.622883	6.902273	0.536247	0.536247	0.553527	0.567723							
nz-2016p858000-m7-8-20161113-15-km-north-east-of-culverden	2016p858000	2016-11-13T11:02:56Z	New Zealand	15 km north-east of Culverden	7.800000	15.100000	melgar_2015	3d	hypocentral	median	14	7.571120	7.252241	8.197932	-0.228880	0.228880	-0.079634	0.511168							
nz-2016p858000-m7-8-20161113-15-km-north-east-of-culverden	2016p858000	2016-11-13T11:02:56Z	New Zealand	15 km north-east of Culverden	7.800000	15.100000	crowell_2016_gfast	3d	hypocentral	median	14	7.607289	7.250882	8.127443	-0.192711	0.192711	-0.116688	0.470206							
nz-2016p858000-m7-8-20161113-15-km-north-east-of-culverden	2016p858000	2016-11-13T11:02:56Z	New Zealand	15 km north-east of Culverden	7.800000	15.100000	ruhl_2019	3d	hypocentral	median	14	7.397507	7.055667	8.087720	-0.402493	0.402493	-0.233523	0.596402							
nz-2016p858007-m6-0-20161113-45-km-south-west-of-seddon	2016p858007	2016-11-13T11:05:14Z	New Zealand	45 km south-west of Seddon	6.000000	4.900000	melgar_2015	3d	hypocentral	median	22	7.569530	7.306328	7.976959	1.569530	1.569530	1.589521	1.623371							
nz-2016p858007-m6-0-20161113-45-km-south-west-of-seddon	2016p858007	2016-11-13T11:05:14Z	New Zealand	45 km south-west of Seddon	6.000000	4.900000	crowell_2016_gfast	3d	hypocentral	median	22	7.631956	7.378231	7.965672	1.631956	1.631956	1.637239	1.661826							
nz-2016p858007-m6-0-20161113-45-km-south-west-of-seddon	2016p858007	2016-11-13T11:05:14Z	New Zealand	45 km south-west of Seddon	6.000000	4.900000	ruhl_2019	3d	hypocentral	median	22	7.407437	7.120834	7.849845	1.407437	1.407437	1.428589	1.472735							
nz-2016p858021-m6-0-20161113-5-km-east-of-kaikoura	2016p858021	2016-11-13T11:12:35Z	New Zealand	5 km east of Kaikoura	6.000000	5.600000	melgar_2015	3d	hypocentral	median	20	7.181581	7.025269	7.477306	1.181581	1.181581	1.212389	1.233678							
nz-2016p858021-m6-0-20161113-5-km-east-of-kaikoura	2016p858021	2016-11-13T11:12:35Z	New Zealand	5 km east of Kaikoura	6.000000	5.600000	crowell_2016_gfast	3d	hypocentral	median	20	7.379760	7.238416	7.590029	1.379760	1.379760	1.406483	1.415338							
nz-2016p858021-m6-0-20161113-5-km-east-of-kaikoura	2016p858021	2016-11-13T11:12:35Z	New Zealand	5 km east of Kaikoura	6.000000	5.600000	ruhl_2019	3d	hypocentral	median	20	6.990719	6.821342	7.310492	0.990719	0.990719	1.024549	1.053487							
nz-2016p858055-m6-2-20161113-15-km-north-of-kaikoura	2016p858055	2016-11-13T11:32:07Z	New Zealand	15 km north of Kaikoura	6.200000	11.300000	melgar_2015	3d	hypocentral	median	29	7.143580	6.940213	7.321258	0.943580	0.943580	0.968836	0.997986							
nz-2016p858055-m6-2-20161113-15-km-north-of-kaikoura	2016p858055	2016-11-13T11:32:07Z	New Zealand	15 km north of Kaikoura	6.200000	11.300000	crowell_2016_gfast	3d	hypocentral	median	29	7.318465	7.193345	7.472912	1.118465	1.118465	1.136284	1.150191							
nz-2016p858055-m6-2-20161113-15-km-north-of-kaikoura	2016p858055	2016-11-13T11:32:07Z	New Zealand	15 km north of Kaikoura	6.200000	11.300000	ruhl_2019	3d	hypocentral	median	29	6.947401	6.727224	7.143011	0.747401	0.747401	0.775331	0.816528							
nz-2016p858094-m6-1-20161113-20-km-north-of-kaikoura	2016p858094	2016-11-13T11:52:44Z	New Zealand	20 km north of Kaikoura	6.100000	9.000000	melgar_2015	3d	hypocentral	median	30	6.701448	6.517612	6.985107	0.601448	0.601448	0.641381	0.731104							
nz-2016p858094-m6-1-20161113-20-km-north-of-kaikoura	2016p858094	2016-11-13T11:52:44Z	New Zealand	20 km north of Kaikoura	6.100000	9.000000	crowell_2016_gfast	3d	hypocentral	median	30	7.040035	6.810267	7.269870	0.940035	0.940035	0.921766	0.977342							
nz-2016p858094-m6-1-20161113-20-km-north-of-kaikoura	2016p858094	2016-11-13T11:52:44Z	New Zealand	20 km north of Kaikoura	6.100000	9.000000	ruhl_2019	3d	hypocentral	median	30	6.473529	6.273624	6.781166	0.373529	0.373529	0.416430	0.562858							
nz-2016p859524-m6-7-20161114-25-km-east-of-hanmer-springs	2016p859524	2016-11-14T00:34:23Z	New Zealand	25 km east of Hanmer Springs	6.700000	5.000000	melgar_2015	3d	hypocentral	median	21	6.980631	6.565368	7.181675	0.280631	0.280631	0.223297	0.420388							
nz-2016p859524-m6-7-20161114-25-km-east-of-hanmer-springs	2016p859524	2016-11-14T00:34:23Z	New Zealand	25 km east of Hanmer Springs	6.700000	5.000000	crowell_2016_gfast	3d	hypocentral	median	21	7.240159	6.856023	7.382446	0.540159	0.540159	0.428657	0.553310							
nz-2016p859524-m6-7-20161114-25-km-east-of-hanmer-springs	2016p859524	2016-11-14T00:34:23Z	New Zealand	25 km east of Hanmer Springs	6.700000	5.000000	ruhl_2019	3d	hypocentral	median	21	6.775364	6.324759	6.993731	0.075364	0.075364	0.011252	0.385083							
nz-2021p169083-m7-2-20210304-140-km-east-of-te-araroa	2021p169083	2021-03-04T13:27:35Z	New Zealand	140 km east of Te Araroa	7.200000	33.000000	melgar_2015	3d	hypocentral	median	12	7.234614	7.158994	7.342993	0.034614	0.034614	0.045025	0.108866							
nz-2021p169083-m7-2-20210304-140-km-east-of-te-araroa	2021p169083	2021-03-04T13:27:35Z	New Zealand	140 km east of Te Araroa	7.200000	33.000000	crowell_2016_gfast	3d	hypocentral	median	12	7.498031	7.393871	7.561662	0.298031	0.298031	0.281614	0.294738							
nz-2021p169083-m7-2-20210304-140-km-east-of-te-araroa	2021p169083	2021-03-04T13:27:35Z	New Zealand	140 km east of Te Araroa	7.200000	33.000000	ruhl_2019	3d	hypocentral	median	12	7.053483	6.968132	7.171525	-0.146517	0.146517	-0.137055	0.173964							
nz-2025p224518-m6-8-20250325-155-km-north-west-of-snares-islands	2025p224518	2025-03-25T01:43:09Z	New Zealand	155 km north-west of Snares Islands	6.800000	12.000000	melgar_2015	3d	hypocentral	median	3	6.679361	6.567982	6.958238	-0.120639	0.120639	-0.038532	0.244438							
nz-2025p224518-m6-8-20250325-155-km-north-west-of-snares-islands	2025p224518	2025-03-25T01:43:09Z	New Zealand	155 km north-west of Snares Islands	6.800000	12.000000	crowell_2016_gfast	3d	hypocentral	median	3	7.124149	6.899376	7.291174	0.324149	0.324149	0.295841	0.378487							
nz-2025p224518-m6-8-20250325-155-km-north-west-of-snares-islands	2025p224518	2025-03-25T01:43:09Z	New Zealand	155 km north-west of Snares Islands	6.800000	12.000000	ruhl_2019	3d	hypocentral	median	3	6.453748	6.329260	6.753771	-0.346252	0.346252	-0.260206	0.369274							
nz-2025p506857-m6-1-20250707-120-km-north-west-of-snares-islands	2025p506857	2025-07-07T12:53:41Z	New Zealand	120 km north-west of Snares Islands	6.100000	12.000000	melgar_2015	3d	hypocentral	median	5	6.828899	6.794737	6.981109	0.728899	0.728899	0.780096	0.788256							
nz-2025p506857-m6-1-20250707-120-km-north-west-of-snares-islands	2025p506857	2025-07-07T12:53:41Z	New Zealand	120 km north-west of Snares Islands	6.100000	12.000000	crowell_2016_gfast	3d	hypocentral	median	5	7.208607	7.148003	7.345086	1.108607	1.108607	1.144858	1.151127							
nz-2025p506857-m6-1-20250707-120-km-north-west-of-snares-islands	2025p506857	2025-07-07T12:53:41Z	New Zealand	120 km north-west of Snares Islands	6.100000	12.000000	ruhl_2019	3d	hypocentral	median	5	6.610330	6.578143	6.780614	0.510330	0.510330	0.570105	0.583388							
us-ak0138esnzr-m7-5-20130105-110-km-sw-of-edna-bay-alaska	ak0138esnzr	2013-01-05T08:58:14.957000Z	United States	110 km SW of Edna Bay, Alaska	7.500000	8.700000	melgar_2015	3d	hypocentral	median	2	7.806698	7.788544	7.824853	0.306698	0.306698	0.306698	0.307858							
us-ak0138esnzr-m7-5-20130105-110-km-sw-of-edna-bay-alaska	ak0138esnzr	2013-01-05T08:58:14.957000Z	United States	110 km SW of Edna Bay, Alaska	7.500000	8.700000	crowell_2016_gfast	3d	hypocentral	median	2	7.825827	7.759581	7.892074	0.325827	0.325827	0.325827	0.340080							
us-ak0138esnzr-m7-5-20130105-110-km-sw-of-edna-bay-alaska	ak0138esnzr	2013-01-05T08:58:14.957000Z	United States	110 km SW of Edna Bay, Alaska	7.500000	8.700000	ruhl_2019	3d	hypocentral	median	2	7.664406	7.640337	7.688475	0.164406	0.164406	0.164406	0.168173							
us-ak0149guzic1-m6-0-20140725-40-km-wnw-of-elfin-cove-alaska	ak0149guzic1	2014-07-25T10:54:50.417000Z	United States	40 km WNW of Elfin Cove, Alaska	6.000000	10.000000	melgar_2015	3d	hypocentral	median	3	6.708961	6.271564	6.890044	0.708961	0.708961	0.583317	0.697156							
us-ak0149guzic1-m6-0-20140725-40-km-wnw-of-elfin-cove-alaska	ak0149guzic1	2014-07-25T10:54:50.417000Z	United States	40 km WNW of Elfin Cove, Alaska	6.000000	10.000000	crowell_2016_gfast	3d	hypocentral	median	3	7.033887	6.467454	7.147303	1.033887	1.033887	0.811820	0.922118							
us-ak0149guzic1-m6-0-20140725-40-km-wnw-of-elfin-cove-alaska	ak0149guzic1	2014-07-25T10:54:50.417000Z	United States	40 km WNW of Elfin Cove, Alaska	6.000000	10.000000	ruhl_2019	3d	hypocentral	median	3	6.481759	6.009024	6.676009	0.481759	0.481759	0.345247	0.537458							
us-ak014cbigci8-m6-2-20140925-22-km-wsw-of-skwentna-alaska	ak014cbigci8	2014-09-25T17:51:17.606000Z	United States	22 km WSW of Skwentna, Alaska	6.200000	108.900000	melgar_2015	3d	hypocentral	median	8	7.099217	7.016316	7.334852	0.899217	0.899217	0.944327	0.955352							
us-ak014cbigci8-m6-2-20140925-22-km-wsw-of-skwentna-alaska	ak014cbigci8	2014-09-25T17:51:17.606000Z	United States	22 km WSW of Skwentna, Alaska	6.200000	108.900000	crowell_2016_gfast	3d	hypocentral	median	8	7.280827	7.224370	7.523036	1.080827	1.080827	1.127241	1.135900							
us-ak014cbigci8-m6-2-20140925-22-km-wsw-of-skwentna-alaska	ak014cbigci8	2014-09-25T17:51:17.606000Z	United States	22 km WSW of Skwentna, Alaska	6.200000	108.900000	ruhl_2019	3d	hypocentral	median	8	6.899324	6.814057	7.159138	0.699324	0.699324	0.749812	0.766211							
us-ak0156uj8rk3-m6-8-20150529-117-km-sse-of-ugashik-alaska	ak0156uj8rk3	2015-05-29T07:00:09.634000Z	United States	117 km SSE of Ugashik, Alaska	6.800000	72.600000	melgar_2015	3d	hypocentral	median	5	6.800632	6.659865	6.933704	0.000632	0.000632	0.004427	0.166107							
us-ak0156uj8rk3-m6-8-20150529-117-km-sse-of-ugashik-alaska	ak0156uj8rk3	2015-05-29T07:00:09.634000Z	United States	117 km SSE of Ugashik, Alaska	6.800000	72.600000	crowell_2016_gfast	3d	hypocentral	median	5	7.103503	6.956048	7.188913	0.303503	0.303503	0.285495	0.312353							
us-ak0156uj8rk3-m6-8-20150529-117-km-sse-of-ugashik-alaska	ak0156uj8rk3	2015-05-29T07:00:09.634000Z	United States	117 km SSE of Ugashik, Alaska	6.800000	72.600000	ruhl_2019	3d	hypocentral	median	5	6.580656	6.427376	6.723510	-0.219344	0.219344	-0.216056	0.280543							
us-ak0159nc9dk8-m6-4-20150729-52-km-ene-of-pedro-bay-alaska	ak0159nc9dk8	2015-07-29T02:35:59.449000Z	United States	52 km ENE of Pedro Bay, Alaska	6.400000	119.300000	melgar_2015	3d	hypocentral	median	24	7.140694	6.927990	7.289428	0.740694	0.740694	0.720395	0.738285							
us-ak0159nc9dk8-m6-4-20150729-52-km-ene-of-pedro-bay-alaska	ak0159nc9dk8	2015-07-29T02:35:59.449000Z	United States	52 km ENE of Pedro Bay, Alaska	6.400000	119.300000	crowell_2016_gfast	3d	hypocentral	median	24	7.312227	7.173383	7.457631	0.912227	0.912227	0.920491	0.931478							
us-ak0159nc9dk8-m6-4-20150729-52-km-ene-of-pedro-bay-alaska	ak0159nc9dk8	2015-07-29T02:35:59.449000Z	United States	52 km ENE of Pedro Bay, Alaska	6.400000	119.300000	ruhl_2019	3d	hypocentral	median	24	6.944206	6.716880	7.108639	0.544206	0.544206	0.524590	0.553067							
us-ak01613v15nv-m7-1-20160124-47-km-ese-of-pedro-bay-alaska	ak01613v15nv	2016-01-24T10:30:29.557000Z	United States	47 km ESE of Pedro Bay, Alaska	7.100000	125.600000	melgar_2015	3d	hypocentral	median	17	7.110996	6.925702	7.239701	0.010996	0.010996	0.016949	0.196342							
us-ak01613v15nv-m7-1-20160124-47-km-ese-of-pedro-bay-alaska	ak01613v15nv	2016-01-24T10:30:29.557000Z	United States	47 km ESE of Pedro Bay, Alaska	7.100000	125.600000	crowell_2016_gfast	3d	hypocentral	median	17	7.327773	7.175858	7.384262	0.227773	0.227773	0.218936	0.274166							
us-ak01613v15nv-m7-1-20160124-47-km-ese-of-pedro-bay-alaska	ak01613v15nv	2016-01-24T10:30:29.557000Z	United States	47 km ESE of Pedro Bay, Alaska	7.100000	125.600000	ruhl_2019	3d	hypocentral	median	17	6.912244	6.714513	7.051329	-0.187756	0.187756	-0.179041	0.277519							
us-ak01649w95tp-m6-2-20160402-42-km-e-of-port-heiden-alaska	ak01649w95tp	2016-04-02T05:50:00.932000Z	United States	42 km E of Port Heiden, Alaska	6.200000	11.400000	melgar_2015	3d	hypocentral	median	3	6.633882	6.382836	6.691793	0.433882	0.433882	0.339208	0.392363							
us-ak01649w95tp-m6-2-20160402-42-km-e-of-port-heiden-alaska	ak01649w95tp	2016-04-02T05:50:00.932000Z	United States	42 km E of Port Heiden, Alaska	6.200000	11.400000	crowell_2016_gfast	3d	hypocentral	median	3	6.785099	6.548179	6.863858	0.585099	0.585099	0.507569	0.544565							
us-ak01649w95tp-m6-2-20160402-42-km-e-of-port-heiden-alaska	ak01649w95tp	2016-04-02T05:50:00.932000Z	United States	42 km E of Port Heiden, Alaska	6.200000	11.400000	ruhl_2019	3d	hypocentral	median	3	6.394528	6.125481	6.457748	0.194528	0.194528	0.093633	0.231625							
us-ak018aap2cqu-m6-4-20180812-89-km-sw-of-kaktovik-alaska	ak018aap2cqu	2018-08-12T14:58:53.503000Z	United States	89 km SW of Kaktovik, Alaska	6.400000	15.800000	melgar_2015	3d	hypocentral	median	2	7.232306	7.219096	7.245516	0.832306	0.832306	0.832306	0.832533							
us-ak018aap2cqu-m6-4-20180812-89-km-sw-of-kaktovik-alaska	ak018aap2cqu	2018-08-12T14:58:53.503000Z	United States	89 km SW of Kaktovik, Alaska	6.400000	15.800000	crowell_2016_gfast	3d	hypocentral	median	2	7.451199	7.445532	7.456867	1.051199	1.051199	1.051199	1.051232							
us-ak018aap2cqu-m6-4-20180812-89-km-sw-of-kaktovik-alaska	ak018aap2cqu	2018-08-12T14:58:53.503000Z	United States	89 km SW of Kaktovik, Alaska	6.400000	15.800000	ruhl_2019	3d	hypocentral	median	2	7.047907	7.034561	7.061254	0.647907	0.647907	0.647907	0.648205							
us-ak018aasz24z-m6-20180812-73-km-ssw-of-kaktovik-alaska	ak018aasz24z	2018-08-12T21:15:00.999000Z	United States	73 km SSW of Kaktovik, Alaska	6.000000	16.200000	melgar_2015	3d	hypocentral	median	2	7.536703	7.395260	7.678146	1.536703	1.536703	1.536703	1.550717							
us-ak018aasz24z-m6-20180812-73-km-ssw-of-kaktovik-alaska	ak018aasz24z	2018-08-12T21:15:00.999000Z	United States	73 km SSW of Kaktovik, Alaska	6.000000	16.200000	crowell_2016_gfast	3d	hypocentral	median	2	7.711387	7.595235	7.827539	1.711387	1.711387	1.711387	1.719890							
us-ak018aasz24z-m6-20180812-73-km-ssw-of-kaktovik-alaska	ak018aasz24z	2018-08-12T21:15:00.999000Z	United States	73 km SSW of Kaktovik, Alaska	6.000000	16.200000	ruhl_2019	3d	hypocentral	median	2	7.379529	7.225631	7.533428	1.379529	1.379529	1.379529	1.397971							
us-ak0216xu2rod-m6-1-20210531-73-km-n-of-chickaloon-alaska	ak0216xu2rod	2021-05-31T06:59:55.581000Z	United States	73 km N of Chickaloon, Alaska	6.100000	44.000000	melgar_2015	3d	hypocentral	median	13	6.811985	6.604495	6.897903	0.711985	0.711985	0.694133	0.722513							
us-ak0216xu2rod-m6-1-20210531-73-km-n-of-chickaloon-alaska	ak0216xu2rod	2021-05-31T06:59:55.581000Z	United States	73 km N of Chickaloon, Alaska	6.100000	44.000000	crowell_2016_gfast	3d	hypocentral	median	13	7.045623	6.906443	7.211187	0.945623	0.945623	0.955642	0.972996							
us-ak0216xu2rod-m6-1-20210531-73-km-n-of-chickaloon-alaska	ak0216xu2rod	2021-05-31T06:59:55.581000Z	United States	73 km N of Chickaloon, Alaska	6.100000	44.000000	ruhl_2019	3d	hypocentral	median	13	6.590306	6.367590	6.687029	0.490306	0.490306	0.472250	0.519682							
us-ak021d1u1nos-m6-9-20211011-112-km-e-of-chignik-alaska	ak021d1u1nos	2021-10-11T09:10:25.147000Z	United States	112 km E of Chignik, Alaska	6.900000	51.600000	melgar_2015	3d	hypocentral	median	1	7.050614	7.050614	7.050614	0.150614	0.150614	0.150614	0.150614							
us-ak021d1u1nos-m6-9-20211011-112-km-e-of-chignik-alaska	ak021d1u1nos	2021-10-11T09:10:25.147000Z	United States	112 km E of Chignik, Alaska	6.900000	51.600000	crowell_2016_gfast	3d	hypocentral	median	1	7.301736	7.301736	7.301736	0.401736	0.401736	0.401736	0.401736							
us-ak021d1u1nos-m6-9-20211011-112-km-e-of-chignik-alaska	ak021d1u1nos	2021-10-11T09:10:25.147000Z	United States	112 km E of Chignik, Alaska	6.900000	51.600000	ruhl_2019	3d	hypocentral	median	1	6.850923	6.850923	6.850923	-0.049077	0.049077	-0.049077	0.049077							
us-ak2025xjbvhj-m6-0-20251127-12-km-wnw-of-susitna-alaska	ak2025xjbvhj	2025-11-27T17:11:29.059000Z	United States	12 km WNW of Susitna, Alaska	6.000000	69.433395	melgar_2015	3d	hypocentral	median	7	6.650953	6.437401	6.970521	0.650953	0.650953	0.618316	0.713335							
us-ak2025xjbvhj-m6-0-20251127-12-km-wnw-of-susitna-alaska	ak2025xjbvhj	2025-11-27T17:11:29.059000Z	United States	12 km WNW of Susitna, Alaska	6.000000	69.433395	crowell_2016_gfast	3d	hypocentral	median	7	6.975882	6.709395	7.167406	0.975882	0.975882	0.902061	0.954662							
us-ak2025xjbvhj-m6-0-20251127-12-km-wnw-of-susitna-alaska	ak2025xjbvhj	2025-11-27T17:11:29.059000Z	United States	12 km WNW of Susitna, Alaska	6.000000	69.433395	ruhl_2019	3d	hypocentral	median	7	6.418726	6.187216	6.760903	0.418726	0.418726	0.382847	0.541594							
us-hv72748782-m6-21-20211010-27-km-sse-of-naalehu-hawaii	hv72748782	2021-10-10T21:48:36.560000Z	United States	27 km SSE of Naalehu, Hawaii	6.210000	35.060000	melgar_2015	3d	hypocentral	median	4	6.474581	6.385638	6.814866	0.264581	0.264581	0.385419	0.488888							
us-hv72748782-m6-21-20211010-27-km-sse-of-naalehu-hawaii	hv72748782	2021-10-10T21:48:36.560000Z	United States	27 km SSE of Naalehu, Hawaii	6.210000	35.060000	crowell_2016_gfast	3d	hypocentral	median	4	6.692793	6.557898	7.023080	0.482793	0.482793	0.576732	0.650205							
us-hv72748782-m6-21-20211010-27-km-sse-of-naalehu-hawaii	hv72748782	2021-10-10T21:48:36.560000Z	United States	27 km SSE of Naalehu, Hawaii	6.210000	35.060000	ruhl_2019	3d	hypocentral	median	4	6.224830	6.129600	6.591683	0.014830	0.014830	0.145418	0.356123							
us-nc71338066-m6-5-20100110-the-2010-eureka-california-earthquake	nc71338066	2010-01-10T00:27:39.320000Z	United States	The 2010 Eureka, California Earthquake	6.500000	28.737000	melgar_2015	3d	hypocentral	median	1	6.236786	6.236786	6.236786	-0.263214	0.263214	-0.263214	0.263214							
us-nc71338066-m6-5-20100110-the-2010-eureka-california-earthquake	nc71338066	2010-01-10T00:27:39.320000Z	United States	The 2010 Eureka, California Earthquake	6.500000	28.737000	crowell_2016_gfast	3d	hypocentral	median	1	6.433241	6.433241	6.433241	-0.066759	0.066759	-0.066759	0.066759							
us-nc71338066-m6-5-20100110-the-2010-eureka-california-earthquake	nc71338066	2010-01-10T00:27:39.320000Z	United States	The 2010 Eureka, California Earthquake	6.500000	28.737000	ruhl_2019	3d	hypocentral	median	1	5.969400	5.969400	5.969400	-0.530600	0.530600	-0.530600	0.530600							
us-nc73666231-m6-2-20211220-7km-n-of-petrolia-ca	nc73666231	2021-12-20T20:10:31.310000Z	United States	7km N of Petrolia, CA	6.200000	27.040000	melgar_2015	3d	hypocentral	median	4	6.040895	6.024938	6.075302	-0.159105	0.159105	-0.150235	0.152850							
us-nc73666231-m6-2-20211220-7km-n-of-petrolia-ca	nc73666231	2021-12-20T20:10:31.310000Z	United States	7km N of Petrolia, CA	6.200000	27.040000	crowell_2016_gfast	3d	hypocentral	median	4	6.225273	6.198507	6.269013	0.025273	0.025273	0.033433	0.050887							
us-nc73666231-m6-2-20211220-7km-n-of-petrolia-ca	nc73666231	2021-12-20T20:10:31.310000Z	United States	7km N of Petrolia, CA	6.200000	27.040000	ruhl_2019	3d	hypocentral	median	4	5.760451	5.743439	5.797109	-0.439549	0.439549	-0.430104	0.431149							
us-nc73821036-m6-4-20221220-15km-wsw-of-ferndale-ca	nc73821036	2022-12-20T10:34:24.770000Z	United States	15km WSW of Ferndale, CA	6.400000	17.910000	melgar_2015	3d	hypocentral	median	58	6.530631	6.320074	6.840389	0.130631	0.130631	0.154590	0.300277							
us-nc73821036-m6-4-20221220-15km-wsw-of-ferndale-ca	nc73821036	2022-12-20T10:34:24.770000Z	United States	15km WSW of Ferndale, CA	6.400000	17.910000	crowell_2016_gfast	3d	hypocentral	median	58	6.845381	6.508353	7.154017	0.445381	0.445381	0.424071	0.511321							
us-nc73821036-m6-4-20221220-15km-wsw-of-ferndale-ca	nc73821036	2022-12-20T10:34:24.770000Z	United States	15km WSW of Ferndale, CA	6.400000	17.910000	ruhl_2019	3d	hypocentral	median	58	6.288468	6.058532	6.623620	-0.111532	0.111532	-0.086357	0.291382							
us-pr2019267000-m6-20190924-67-km-nnw-of-san-antonio-puerto-rico	pr2019267000	2019-09-24T03:23:40.000000Z	United States	67 km NNW of San Antonio, Puerto Rico	6.000000	10.000000	melgar_2015	3d	hypocentral	median	9	7.077603	6.878957	7.106660	1.077603	1.077603	1.020808	1.045485							
us-pr2019267000-m6-20190924-67-km-nnw-of-san-antonio-puerto-rico	pr2019267000	2019-09-24T03:23:40.000000Z	United States	67 km NNW of San Antonio, Puerto Rico	6.000000	10.000000	crowell_2016_gfast	3d	hypocentral	median	9	7.284199	7.088937	7.338273	1.284199	1.284199	1.221745	1.242092							
us-pr2019267000-m6-20190924-67-km-nnw-of-san-antonio-puerto-rico	pr2019267000	2019-09-24T03:23:40.000000Z	United States	67 km NNW of San Antonio, Puerto Rico	6.000000	10.000000	ruhl_2019	3d	hypocentral	median	9	6.881144	6.661858	6.907107	0.881144	0.881144	0.816396	0.852416							
us-us10003vyx-m6-5-20151109-99-km-se-of-atka-alaska	us10003vyx	2015-11-09T16:03:46.070000Z	United States	99 km SE of Atka, Alaska	6.500000	15.000000	melgar_2015	3d	hypocentral	median	1	6.794276	6.794276	6.794276	0.294276	0.294276	0.294276	0.294276							
us-us10003vyx-m6-5-20151109-99-km-se-of-atka-alaska	us10003vyx	2015-11-09T16:03:46.070000Z	United States	99 km SE of Atka, Alaska	6.500000	15.000000	crowell_2016_gfast	3d	hypocentral	median	1	6.991025	6.991025	6.991025	0.491025	0.491025	0.491025	0.491025							
us-us10003vyx-m6-5-20151109-99-km-se-of-atka-alaska	us10003vyx	2015-11-09T16:03:46.070000Z	United States	99 km SE of Atka, Alaska	6.500000	15.000000	ruhl_2019	3d	hypocentral	median	1	6.569495	6.569495	6.569495	0.069495	0.069495	0.069495	0.069495							
us-us100047zq-m6-6-20151217-4-km-w-of-manuel-vila-camacho-ponte-duro-mexico	us100047zq	2015-12-17T19:49:53.050Z	Mexico	4 km W of Manuel Ávila Camacho (Ponte Duro), Mexico	6.600000	85.000000	melgar_2015	3d	hypocentral	median	1	7.177356	7.177356	7.177356	0.577356	0.577356	0.577356	0.577356							
us-us100047zq-m6-6-20151217-4-km-w-of-manuel-vila-camacho-ponte-duro-mexico	us100047zq	2015-12-17T19:49:53.050Z	Mexico	4 km W of Manuel Ávila Camacho (Ponte Duro), Mexico	6.600000	85.000000	crowell_2016_gfast	3d	hypocentral	median	1	7.431114	7.431114	7.431114	0.831114	0.831114	0.831114	0.831114							
us-us100047zq-m6-6-20151217-4-km-w-of-manuel-vila-camacho-ponte-duro-mexico	us100047zq	2015-12-17T19:49:53.050Z	Mexico	4 km W of Manuel Ávila Camacho (Ponte Duro), Mexico	6.600000	85.000000	ruhl_2019	3d	hypocentral	median	1	6.989754	6.989754	6.989754	0.389754	0.389754	0.389754	0.389754							
us-us10004x1w-m6-3-20160312-72-km-sse-of-atka-alaska	us10004x1w	2016-03-12T18:06:44.760000Z	United States	72 km SSE of Atka, Alaska	6.300000	19.000000	melgar_2015	3d	hypocentral	median	1	6.622854	6.622854	6.622854	0.322854	0.322854	0.322854	0.322854							
us-us10004x1w-m6-3-20160312-72-km-sse-of-atka-alaska	us10004x1w	2016-03-12T18:06:44.760000Z	United States	72 km SSE of Atka, Alaska	6.300000	19.000000	crowell_2016_gfast	3d	hypocentral	median	1	6.805556	6.805556	6.805556	0.505556	0.505556	0.505556	0.505556							
us-us10004x1w-m6-3-20160312-72-km-sse-of-atka-alaska	us10004x1w	2016-03-12T18:06:44.760000Z	United States	72 km SSE of Atka, Alaska	6.300000	19.000000	ruhl_2019	3d	hypocentral	median	1	6.383658	6.383658	6.383658	0.083658	0.083658	0.083658	0.083658							
us-us10008mel-m6-2-20170501-47-km-nw-of-mosquito-lake-alaska	us10008mel	2017-05-01T12:31:55.590000Z	United States	47 km NW of Mosquito Lake, Alaska	6.200000	10.000000	melgar_2015	3d	hypocentral	median	4	6.746223	6.466708	6.900297	0.546223	0.546223	0.485915	0.544323							
us-us10008mel-m6-2-20170501-47-km-nw-of-mosquito-lake-alaska	us10008mel	2017-05-01T12:31:55.590000Z	United States	47 km NW of Mosquito Lake, Alaska	6.200000	10.000000	crowell_2016_gfast	3d	hypocentral	median	4	7.012470	6.776675	7.218873	0.812470	0.812470	0.798339	0.830054							
us-us10008mel-m6-2-20170501-47-km-nw-of-mosquito-lake-alaska	us10008mel	2017-05-01T12:31:55.590000Z	United States	47 km NW of Mosquito Lake, Alaska	6.200000	10.000000	ruhl_2019	3d	hypocentral	median	4	6.520475	6.218368	6.690015	0.320475	0.320475	0.256741	0.369483							
us-us10008mgu-m6-3-20170501-48-km-nw-of-mosquito-lake-alaska	us10008mgu	2017-05-01T14:18:15.290000Z	United States	48 km NW of Mosquito Lake, Alaska	6.300000	2.530000	melgar_2015	3d	hypocentral	median	4	6.969455	6.653915	7.163477	0.669455	0.669455	0.611033	0.679076							
us-us10008mgu-m6-3-20170501-48-km-nw-of-mosquito-lake-alaska	us10008mgu	2017-05-01T14:18:15.290000Z	United States	48 km NW of Mosquito Lake, Alaska	6.300000	2.530000	crowell_2016_gfast	3d	hypocentral	median	4	7.173174	6.911090	7.409960	0.873174	0.873174	0.861012	0.900071							
us-us10008mgu-m6-3-20170501-48-km-nw-of-mosquito-lake-alaska	us10008mgu	2017-05-01T14:18:15.290000Z	United States	48 km NW of Mosquito Lake, Alaska	6.300000	2.530000	ruhl_2019	3d	hypocentral	median	4	6.760433	6.419219	6.974185	0.460433	0.460433	0.399153	0.512238							
us-us1000ga0z-m6-5-20180815-108-km-wsw-of-adak-alaska	us1000ga0z	2018-08-15T21:56:56.310000Z	United States	108 km WSW of Adak, Alaska	6.500000	38.000000	melgar_2015	3d	hypocentral	median	1	6.880254	6.880254	6.880254	0.380254	0.380254	0.380254	0.380254							
us-us1000ga0z-m6-5-20180815-108-km-wsw-of-adak-alaska	us1000ga0z	2018-08-15T21:56:56.310000Z	United States	108 km WSW of Adak, Alaska	6.500000	38.000000	crowell_2016_gfast	3d	hypocentral	median	1	7.170256	7.170256	7.170256	0.670256	0.670256	0.670256	0.670256							
us-us1000ga0z-m6-5-20180815-108-km-wsw-of-adak-alaska	us1000ga0z	2018-08-15T21:56:56.310000Z	United States	108 km WSW of Adak, Alaska	6.500000	38.000000	ruhl_2019	3d	hypocentral	median	1	6.666854	6.666854	6.666854	0.166854	0.166854	0.166854	0.166854							
us-us1000gf8u-m6-2-20180822-272-km-w-of-bandon-oregon	us1000gf8u	2018-08-22T09:31:45.530000Z	United States	272 km W of Bandon, Oregon	6.200000	10.000000	melgar_2015	3d	hypocentral	median	4	6.811420	6.733158	6.884354	0.611420	0.611420	0.608859	0.617025							
us-us1000gf8u-m6-2-20180822-272-km-w-of-bandon-oregon	us1000gf8u	2018-08-22T09:31:45.530000Z	United States	272 km W of Bandon, Oregon	6.200000	10.000000	crowell_2016_gfast	3d	hypocentral	median	4	7.260421	7.192944	7.313721	1.060421	1.060421	1.053605	1.056438							
us-us1000gf8u-m6-2-20180822-272-km-w-of-bandon-oregon	us1000gf8u	2018-08-22T09:31:45.530000Z	United States	272 km W of Bandon, Oregon	6.200000	10.000000	ruhl_2019	3d	hypocentral	median	4	6.598362	6.513432	6.677138	0.398362	0.398362	0.395403	0.410054							
us-us1000gfvg-m6-3-20180823-97-km-sw-of-adak-alaska	us1000gfvg	2018-08-23T03:35:12.270000Z	United States	97 km SW of Adak, Alaska	6.300000	20.000000	melgar_2015	3d	hypocentral	median	1	7.163152	7.163152	7.163152	0.863152	0.863152	0.863152	0.863152							
us-us1000gfvg-m6-3-20180823-97-km-sw-of-adak-alaska	us1000gfvg	2018-08-23T03:35:12.270000Z	United States	97 km SW of Adak, Alaska	6.300000	20.000000	crowell_2016_gfast	3d	hypocentral	median	1	7.494942	7.494942	7.494942	1.194942	1.194942	1.194942	1.194942							
us-us1000gfvg-m6-3-20180823-97-km-sw-of-adak-alaska	us1000gfvg	2018-08-23T03:35:12.270000Z	United States	97 km SW of Adak, Alaska	6.300000	20.000000	ruhl_2019	3d	hypocentral	median	1	6.978614	6.978614	6.978614	0.678614	0.678614	0.678614	0.678614							
us-us200030aq-m6-9-20150727-fox-islands-aleutian-islands-alaska	us200030aq	2015-07-27T04:49:46.400000Z	United States	Fox Islands, Aleutian Islands, Alaska	6.900000	29.000000	melgar_2015	3d	hypocentral	median	1	6.487856	6.487856	6.487856	-0.412144	0.412144	-0.412144	0.412144							
us-us200030aq-m6-9-20150727-fox-islands-aleutian-islands-alaska	us200030aq	2015-07-27T04:49:46.400000Z	United States	Fox Islands, Aleutian Islands, Alaska	6.900000	29.000000	crowell_2016_gfast	3d	hypocentral	median	1	6.725372	6.725372	6.725372	-0.174628	0.174628	-0.174628	0.174628							
us-us200030aq-m6-9-20150727-fox-islands-aleutian-islands-alaska	us200030aq	2015-07-27T04:49:46.400000Z	United States	Fox Islands, Aleutian Islands, Alaska	6.900000	29.000000	ruhl_2019	3d	hypocentral	median	1	6.239704	6.239704	6.239704	-0.660296	0.660296	-0.660296	0.660296							
us-us20003hq5-m6-20150910-104-km-ssw-of-nikolski-alaska	us20003hq5	2015-09-10T10:26:44.810000Z	United States	104 km SSW of Nikolski, Alaska	6.000000	20.000000	melgar_2015	3d	hypocentral	median	1	6.606492	6.606492	6.606492	0.606492	0.606492	0.606492	0.606492							
us-us20003hq5-m6-20150910-104-km-ssw-of-nikolski-alaska	us20003hq5	2015-09-10T10:26:44.810000Z	United States	104 km SSW of Nikolski, Alaska	6.000000	20.000000	crowell_2016_gfast	3d	hypocentral	median	1	6.873071	6.873071	6.873071	0.873071	0.873071	0.873071	0.873071							
us-us20003hq5-m6-20150910-104-km-ssw-of-nikolski-alaska	us20003hq5	2015-09-10T10:26:44.810000Z	United States	104 km SSW of Nikolski, Alaska	6.000000	20.000000	ruhl_2019	3d	hypocentral	median	1	6.368643	6.368643	6.368643	0.368643	0.368643	0.368643	0.368643							
us-us20005axu-m6-20160319-75-km-s-of-atka-alaska	us20005axu	2016-03-19T01:35:12.170000Z	United States	75 km S of Atka, Alaska	6.000000	17.000000	melgar_2015	3d	hypocentral	median	1	6.284862	6.284862	6.284862	0.284862	0.284862	0.284862	0.284862							
us-us20005axu-m6-20160319-75-km-s-of-atka-alaska	us20005axu	2016-03-19T01:35:12.170000Z	United States	75 km S of Atka, Alaska	6.000000	17.000000	crowell_2016_gfast	3d	hypocentral	median	1	6.571068	6.571068	6.571068	0.571068	0.571068	0.571068	0.571068							
us-us20005axu-m6-20160319-75-km-s-of-atka-alaska	us20005axu	2016-03-19T01:35:12.170000Z	United States	75 km S of Atka, Alaska	6.000000	17.000000	ruhl_2019	3d	hypocentral	median	1	6.022295	6.022295	6.022295	0.022295	0.022295	0.022295	0.022295							
us-us20007z6r-m6-6-20161208-164-km-w-of-ferndale-california	us20007z6r	2016-12-08T14:49:45.910000Z	United States	164 km W of Ferndale, California	6.600000	8.450000	melgar_2015	3d	hypocentral	median	3	6.730451	6.724173	6.840080	0.130451	0.130451	0.181113	0.197301							
us-us20007z6r-m6-6-20161208-164-km-w-of-ferndale-california	us20007z6r	2016-12-08T14:49:45.910000Z	United States	164 km W of Ferndale, California	6.600000	8.450000	crowell_2016_gfast	3d	hypocentral	median	3	7.086363	7.060742	7.177440	0.486363	0.486363	0.518449	0.523654							
us-us20007z6r-m6-6-20161208-164-km-w-of-ferndale-california	us20007z6r	2016-12-08T14:49:45.910000Z	United States	164 km W of Ferndale, California	6.600000	8.450000	ruhl_2019	3d	hypocentral	median	3	6.506281	6.498734	6.625101	-0.093719	0.093719	-0.039173	0.093690							
us-us2000ahv0-m8-2-20170908-2017-tehuantepec-mexico-earthquake	us2000ahv0	2017-09-08T04:49:19.180Z	Mexico	2017 Tehuantepec, Mexico Earthquake	8.200000	47.390000	melgar_2015	3d	hypocentral	median	2	7.978370	7.681862	8.274877	-0.221630	0.221630	-0.221630	0.489133							
us-us2000ahv0-m8-2-20170908-2017-tehuantepec-mexico-earthquake	us2000ahv0	2017-09-08T04:49:19.180Z	Mexico	2017 Tehuantepec, Mexico Earthquake	8.200000	47.390000	crowell_2016_gfast	3d	hypocentral	median	2	8.086787	7.851782	8.321792	-0.113213	0.113213	-0.113213	0.363666							
us-us2000ahv0-m8-2-20170908-2017-tehuantepec-mexico-earthquake	us2000ahv0	2017-09-08T04:49:19.180Z	Mexico	2017 Tehuantepec, Mexico Earthquake	8.200000	47.390000	ruhl_2019	3d	hypocentral	median	2	7.862439	7.539357	8.185522	-0.337561	0.337561	-0.337561	0.582828							
us-us2000ar20-m7-1-20170919-1-km-s-of-matzaco-mexico	us2000ar20	2017-09-19T18:14:38.090Z	Mexico	1 km S of Matzaco, Mexico	7.100000	48.000000	melgar_2015	3d	hypocentral	median	7	6.964954	6.846684	7.117217	-0.135046	0.135046	-0.119876	0.255491							
us-us2000ar20-m7-1-20170919-1-km-s-of-matzaco-mexico	us2000ar20	2017-09-19T18:14:38.090Z	Mexico	1 km S of Matzaco, Mexico	7.100000	48.000000	crowell_2016_gfast	3d	hypocentral	median	7	7.188289	7.054937	7.405526	0.088289	0.088289	0.124083	0.293431							
us-us2000ar20-m7-1-20170919-1-km-s-of-matzaco-mexico	us2000ar20	2017-09-19T18:14:38.090Z	Mexico	1 km S of Matzaco, Mexico	7.100000	48.000000	ruhl_2019	3d	hypocentral	median	7	6.750284	6.631867	6.925819	-0.349716	0.349716	-0.325417	0.408929							
us-us2000atjv-m6-1-20170923-7-km-nne-of-ixtepec-mexico	us2000atjv	2017-09-23T12:53:01.480Z	Mexico	7 km NNE of Ixtepec, Mexico	6.100000	10.000000	melgar_2015	3d	hypocentral	median	3	6.789394	6.766795	7.277341	0.689394	0.689394	0.917506	0.980706							
us-us2000atjv-m6-1-20170923-7-km-nne-of-ixtepec-mexico	us2000atjv	2017-09-23T12:53:01.480Z	Mexico	7 km NNE of Ixtepec, Mexico	6.100000	10.000000	crowell_2016_gfast	3d	hypocentral	median	3	7.133030	7.090225	7.522827	1.033030	1.033030	1.203124	1.236701							
us-us2000atjv-m6-1-20170923-7-km-nne-of-ixtepec-mexico	us2000atjv	2017-09-23T12:53:01.480Z	Mexico	7 km NNE of Ixtepec, Mexico	6.100000	10.000000	ruhl_2019	3d	hypocentral	median	3	6.570045	6.544643	7.099311	0.470045	0.470045	0.717037	0.809652							
us-us2000cl83-m6-3-20180119-79-km-nne-of-loreto-mexico	us2000cl83	2018-01-19T16:17:44.720Z	Mexico	79 km NNE of Loreto, Mexico	6.300000	10.000000	melgar_2015	3d	hypocentral	median	2	7.157354	7.119322	7.195386	0.857354	0.857354	0.857354	0.859177							
us-us2000cl83-m6-3-20180119-79-km-nne-of-loreto-mexico	us2000cl83	2018-01-19T16:17:44.720Z	Mexico	79 km NNE of Loreto, Mexico	6.300000	10.000000	crowell_2016_gfast	3d	hypocentral	median	2	7.477347	7.461198	7.493496	1.177347	1.177347	1.177347	1.177587							
us-us2000cl83-m6-3-20180119-79-km-nne-of-loreto-mexico	us2000cl83	2018-01-19T16:17:44.720Z	Mexico	79 km NNE of Loreto, Mexico	6.300000	10.000000	ruhl_2019	3d	hypocentral	median	2	6.971535	6.930997	7.012073	0.671535	0.671535	0.671535	0.674176							
us-us2000d3km-m7-2-20180216-4-km-s-of-pinotepa-de-don-luis-mexico	us2000d3km	2018-02-16T23:39:39.280Z	Mexico	4 km S of Pinotepa de Don Luis, Mexico	7.200000	22.000000	melgar_2015	3d	hypocentral	median	9	6.952355	6.842921	7.176104	-0.247645	0.247645	-0.195100	0.311540							
us-us2000d3km-m7-2-20180216-4-km-s-of-pinotepa-de-don-luis-mexico	us2000d3km	2018-02-16T23:39:39.280Z	Mexico	4 km S of Pinotepa de Don Luis, Mexico	7.200000	22.000000	crowell_2016_gfast	3d	hypocentral	median	9	7.182137	7.021434	7.395810	-0.017863	0.017863	0.005241	0.268134							
us-us2000d3km-m7-2-20180216-4-km-s-of-pinotepa-de-don-luis-mexico	us2000d3km	2018-02-16T23:39:39.280Z	Mexico	4 km S of Pinotepa de Don Luis, Mexico	7.200000	22.000000	ruhl_2019	3d	hypocentral	median	9	6.742677	6.622281	6.986471	-0.457323	0.457323	-0.400681	0.480763							
us-us2000izcv-m6-0-20181231-87-km-se-of-king-cove-alaska	us2000izcv	2018-12-31T02:35:37.670000Z	United States	87 km SE of King Cove, Alaska	6.000000	31.000000	melgar_2015	3d	hypocentral	median	1	6.890819	6.890819	6.890819	0.890819	0.890819	0.890819	0.890819							
us-us2000izcv-m6-0-20181231-87-km-se-of-king-cove-alaska	us2000izcv	2018-12-31T02:35:37.670000Z	United States	87 km SE of King Cove, Alaska	6.000000	31.000000	crowell_2016_gfast	3d	hypocentral	median	1	7.128061	7.128061	7.128061	1.128061	1.128061	1.128061	1.128061							
us-us2000izcv-m6-0-20181231-87-km-se-of-king-cove-alaska	us2000izcv	2018-12-31T02:35:37.670000Z	United States	87 km SE of King Cove, Alaska	6.000000	31.000000	ruhl_2019	3d	hypocentral	median	1	6.676031	6.676031	6.676031	0.676031	0.676031	0.676031	0.676031							
us-us60003r2r-m6-20190523-127-km-wsw-of-adak-alaska	us60003r2r	2019-05-23T08:45:17.746000Z	United States	127 km WSW of Adak, Alaska	6.000000	30.000000	melgar_2015	3d	hypocentral	median	1	7.290727	7.290727	7.290727	1.290727	1.290727	1.290727	1.290727							
us-us60003r2r-m6-20190523-127-km-wsw-of-adak-alaska	us60003r2r	2019-05-23T08:45:17.746000Z	United States	127 km WSW of Adak, Alaska	6.000000	30.000000	crowell_2016_gfast	3d	hypocentral	median	1	7.620481	7.620481	7.620481	1.620481	1.620481	1.620481	1.620481							
us-us60003r2r-m6-20190523-127-km-wsw-of-adak-alaska	us60003r2r	2019-05-23T08:45:17.746000Z	United States	127 km WSW of Adak, Alaska	6.000000	30.000000	ruhl_2019	3d	hypocentral	median	1	7.118895	7.118895	7.118895	1.118895	1.118895	1.118895	1.118895							
us-us60007djn-m6-2-20200123-84-km-w-of-adak-alaska	us60007djn	2020-01-23T05:53:02.618000Z	United States	84 km W of Adak, Alaska	6.200000	10.000000	melgar_2015	3d	hypocentral	median	3	6.988941	6.605957	7.150977	0.788941	0.788941	0.680633	0.759074							
us-us60007djn-m6-2-20200123-84-km-w-of-adak-alaska	us60007djn	2020-01-23T05:53:02.618000Z	United States	84 km W of Adak, Alaska	6.200000	10.000000	crowell_2016_gfast	3d	hypocentral	median	3	7.305370	6.882366	7.456896	1.105370	1.105370	0.972293	1.035946							
us-us60007djn-m6-2-20200123-84-km-w-of-adak-alaska	us60007djn	2020-01-23T05:53:02.618000Z	United States	84 km W of Adak, Alaska	6.200000	10.000000	ruhl_2019	3d	hypocentral	median	3	6.786774	6.369589	6.963899	0.586774	0.586774	0.469097	0.595218							
us-us6000ah9t-m7-4-20200623-9-km-se-of-santa-mar-a-xadani-mexico	us6000ah9t	2020-06-23T15:29:04.350Z	Mexico	9 km SE of Santa María Xadani, Mexico	7.400000	20.000000	melgar_2015	3d	hypocentral	median	6	6.970903	6.944814	7.322477	-0.429097	0.429097	-0.310408	0.371210							
us-us6000ah9t-m7-4-20200623-9-km-se-of-santa-mar-a-xadani-mexico	us6000ah9t	2020-06-23T15:29:04.350Z	Mexico	9 km SE of Santa María Xadani, Mexico	7.400000	20.000000	crowell_2016_gfast	3d	hypocentral	median	6	7.252992	7.085456	7.407984	-0.147008	0.147008	-0.143176	0.227420							
us-us6000ah9t-m7-4-20200623-9-km-se-of-santa-mar-a-xadani-mexico	us6000ah9t	2020-06-23T15:29:04.350Z	Mexico	9 km SE of Santa María Xadani, Mexico	7.400000	20.000000	ruhl_2019	3d	hypocentral	median	6	6.762803	6.733110	7.143620	-0.637197	0.637197	-0.511228	0.555277							
us-us6000b56k-m6-1-20200728-75-km-sw-of-sand-point-alaska	us6000b56k	2020-07-28T08:03:43.215000Z	United States	75 km SW of Sand Point, Alaska	6.100000	35.150000	melgar_2015	3d	hypocentral	median	4	6.808856	6.628970	7.058831	0.708856	0.708856	0.742553	0.777862							
us-us6000b56k-m6-1-20200728-75-km-sw-of-sand-point-alaska	us6000b56k	2020-07-28T08:03:43.215000Z	United States	75 km SW of Sand Point, Alaska	6.100000	35.150000	crowell_2016_gfast	3d	hypocentral	median	4	7.082665	6.860494	7.311478	0.982665	0.982665	0.985858	1.013170							
us-us6000b56k-m6-1-20200728-75-km-sw-of-sand-point-alaska	us6000b56k	2020-07-28T08:03:43.215000Z	United States	75 km SW of Sand Point, Alaska	6.100000	35.150000	ruhl_2019	3d	hypocentral	median	4	6.588784	6.391906	6.859901	0.488784	0.488784	0.524476	0.581773							
us-us6000f652-m6-9-20210814-125-km-se-of-perryville-alaska	us6000f652	2021-08-14T11:57:43.447000Z	United States	125 km SE of Perryville, Alaska	6.900000	20.740000	melgar_2015	3d	hypocentral	median	1	7.022458	7.022458	7.022458	0.122458	0.122458	0.122458	0.122458							
us-us6000f652-m6-9-20210814-125-km-se-of-perryville-alaska	us6000f652	2021-08-14T11:57:43.447000Z	United States	125 km SE of Perryville, Alaska	6.900000	20.740000	crowell_2016_gfast	3d	hypocentral	median	1	7.216205	7.216205	7.216205	0.316205	0.316205	0.316205	0.316205							
us-us6000f652-m6-9-20210814-125-km-se-of-perryville-alaska	us6000f652	2021-08-14T11:57:43.447000Z	United States	125 km SE of Perryville, Alaska	6.900000	20.740000	ruhl_2019	3d	hypocentral	median	1	6.817281	6.817281	6.817281	-0.082719	0.082719	-0.082719	0.082719							
us-us6000mzme-m6-20240519-169-km-sw-of-nikolski-alaska	us6000mzme	2024-05-19T09:35:24.660000Z	United States	169 km SW of Nikolski, Alaska	6.000000	28.000000	melgar_2015	3d	hypocentral	median	1	6.979566	6.979566	6.979566	0.979566	0.979566	0.979566	0.979566							
us-us6000mzme-m6-20240519-169-km-sw-of-nikolski-alaska	us6000mzme	2024-05-19T09:35:24.660000Z	United States	169 km SW of Nikolski, Alaska	6.000000	28.000000	crowell_2016_gfast	3d	hypocentral	median	1	7.253504	7.253504	7.253504	1.253504	1.253504	1.253504	1.253504							
us-us6000mzme-m6-20240519-169-km-sw-of-nikolski-alaska	us6000mzme	2024-05-19T09:35:24.660000Z	United States	169 km SW of Nikolski, Alaska	6.000000	28.000000	ruhl_2019	3d	hypocentral	median	1	6.774462	6.774462	6.774462	0.774462	0.774462	0.774462	0.774462							
us-us6000pjig-m6-2-20250112-18-km-se-of-aquila-mexico	us6000pjig	2025-01-12T08:32:49.944Z	Mexico	18 km SE of Aquila, Mexico	6.200000	39.000000	melgar_2015	3d	hypocentral	median	10	6.962614	6.777336	7.241781	0.762614	0.762614	0.746317	0.807236							
us-us6000pjig-m6-2-20250112-18-km-se-of-aquila-mexico	us6000pjig	2025-01-12T08:32:49.944Z	Mexico	18 km SE of Aquila, Mexico	6.200000	39.000000	crowell_2016_gfast	3d	hypocentral	median	10	7.260813	7.013936	7.426700	1.060813	1.060813	1.001147	1.047808							
us-us6000pjig-m6-2-20250112-18-km-se-of-aquila-mexico	us6000pjig	2025-01-12T08:32:49.944Z	Mexico	18 km SE of Aquila, Mexico	6.200000	39.000000	ruhl_2019	3d	hypocentral	median	10	6.755209	6.552806	7.056300	0.555209	0.555209	0.538408	0.633365							
us-us6000rsy1-m7-20251206-2025-hubbard-glacier-earthquake	us6000rsy1	2025-12-06T20:41:49.288000Z	United States	2025 Hubbard Glacier Earthquake	7.000000	10.317000	melgar_2015	3d	hypocentral	median	1	7.551233	7.551233	7.551233	0.551233	0.551233	0.551233	0.551233							
us-us6000rsy1-m7-20251206-2025-hubbard-glacier-earthquake	us6000rsy1	2025-12-06T20:41:49.288000Z	United States	2025 Hubbard Glacier Earthquake	7.000000	10.317000	crowell_2016_gfast	3d	hypocentral	median	1	7.768796	7.768796	7.768796	0.768796	0.768796	0.768796	0.768796							
us-us6000rsy1-m7-20251206-2025-hubbard-glacier-earthquake	us6000rsy1	2025-12-06T20:41:49.288000Z	United States	2025 Hubbard Glacier Earthquake	7.000000	10.317000	ruhl_2019	3d	hypocentral	median	1	7.398515	7.398515	7.398515	0.398515	0.398515	0.398515	0.398515							
us-us6000sayv-m6-20260223-96-km-sw-of-nikolski-alaska	us6000sayv	2026-02-23T05:11:48.410000Z	United States	96 km SW of Nikolski, Alaska	6.000000	14.000000	melgar_2015	3d	hypocentral	median	2	6.534759	6.299608	6.769909	0.534759	0.534759	0.534759	0.636829							
us-us6000sayv-m6-20260223-96-km-sw-of-nikolski-alaska	us6000sayv	2026-02-23T05:11:48.410000Z	United States	96 km SW of Nikolski, Alaska	6.000000	14.000000	crowell_2016_gfast	3d	hypocentral	median	2	6.930386	6.673750	7.187021	0.930386	0.930386	0.930386	1.004018							
us-us6000sayv-m6-20260223-96-km-sw-of-nikolski-alaska	us6000sayv	2026-02-23T05:11:48.410000Z	United States	96 km SW of Nikolski, Alaska	6.000000	14.000000	ruhl_2019	3d	hypocentral	median	2	6.296753	6.040751	6.552756	0.296753	0.296753	0.296753	0.479370							
us-us700059qh-m6-3-20190829-285-km-w-of-bandon-oregon	us700059qh	2019-08-29T15:07:58.646000Z	United States	285 km W of Bandon, Oregon	6.300000	10.000000	melgar_2015	3d	hypocentral	median	2	6.890642	6.866467	6.914818	0.590642	0.590642	0.590642	0.591711							
us-us700059qh-m6-3-20190829-285-km-w-of-bandon-oregon	us700059qh	2019-08-29T15:07:58.646000Z	United States	285 km W of Bandon, Oregon	6.300000	10.000000	crowell_2016_gfast	3d	hypocentral	median	2	7.322856	7.302750	7.342962	1.022856	1.022856	1.022856	1.023283							
us-us700059qh-m6-3-20190829-285-km-w-of-bandon-oregon	us700059qh	2019-08-29T15:07:58.646000Z	United States	285 km W of Bandon, Oregon	6.300000	10.000000	ruhl_2019	3d	hypocentral	median	2	6.684501	6.658166	6.710837	0.384501	0.384501	0.384501	0.386447							
us-us70008jr5-m6-5-20200331-stanley-idaho	us70008jr5	2020-03-31T23:52:30.781000Z	United States	Stanley, Idaho	6.500000	12.060000	melgar_2015	3d	hypocentral	median	11	6.734353	6.479976	7.042169	0.234353	0.234353	0.249959	0.385999							
us-us70008jr5-m6-5-20200331-stanley-idaho	us70008jr5	2020-03-31T23:52:30.781000Z	United States	Stanley, Idaho	6.500000	12.060000	crowell_2016_gfast	3d	hypocentral	median	11	6.995537	6.790801	7.326232	0.495537	0.495537	0.517871	0.585591							
us-us70008jr5-m6-5-20200331-stanley-idaho	us70008jr5	2020-03-31T23:52:30.781000Z	United States	Stanley, Idaho	6.500000	12.060000	ruhl_2019	3d	hypocentral	median	11	6.505641	6.232706	6.843406	0.005641	0.005641	0.024953	0.319566							
us-us7000asx4-m6-1-20200722-101-km-ese-of-sand-point-alaska	us7000asx4	2020-07-22T06:16:18.627000Z	United States	101 km ESE of Sand Point, Alaska	6.100000	16.530000	melgar_2015	3d	hypocentral	median	5	7.262790	7.189507	7.423926	1.162790	1.162790	1.189655	1.197702							
us-us7000asx4-m6-1-20200722-101-km-ese-of-sand-point-alaska	us7000asx4	2020-07-22T06:16:18.627000Z	United States	101 km ESE of Sand Point, Alaska	6.100000	16.530000	crowell_2016_gfast	3d	hypocentral	median	5	7.280570	7.239108	7.387907	1.180570	1.180570	1.214030	1.217131							
us-us7000asx4-m6-1-20200722-101-km-ese-of-sand-point-alaska	us7000asx4	2020-07-22T06:16:18.627000Z	United States	101 km ESE of Sand Point, Alaska	6.100000	16.530000	ruhl_2019	3d	hypocentral	median	5	7.072772	6.991690	7.236630	0.972772	0.972772	0.998322	1.008816							
us-us7000clnv-m6-4-20201201-46-km-ese-of-nikolski-alaska	us7000clnv	2020-12-01T16:22:39.923000Z	United States	46 km ESE of Nikolski, Alaska	6.400000	23.000000	melgar_2015	3d	hypocentral	median	2	6.523167	6.408728	6.637606	0.123167	0.123167	0.123167	0.208549							
us-us7000clnv-m6-4-20201201-46-km-ese-of-nikolski-alaska	us7000clnv	2020-12-01T16:22:39.923000Z	United States	46 km ESE of Nikolski, Alaska	6.400000	23.000000	crowell_2016_gfast	3d	hypocentral	median	2	6.788442	6.617994	6.958889	0.388442	0.388442	0.388442	0.462295							
us-us7000clnv-m6-4-20201201-46-km-ese-of-nikolski-alaska	us7000clnv	2020-12-01T16:22:39.923000Z	United States	46 km ESE of Nikolski, Alaska	6.400000	23.000000	ruhl_2019	3d	hypocentral	median	2	6.279547	6.154436	6.404658	-0.120453	0.120453	-0.120453	0.219909							
us-us7000f93v-m7-20210908-acapulco-mexico	us7000f93v	2021-09-08T01:47:47.437Z	Mexico	Acapulco, Mexico	7.000000	20.000000	melgar_2015	3d	hypocentral	median	6	7.105363	6.832984	7.282844	0.105363	0.105363	0.045069	0.269315							
us-us7000f93v-m7-20210908-acapulco-mexico	us7000f93v	2021-09-08T01:47:47.437Z	Mexico	Acapulco, Mexico	7.000000	20.000000	crowell_2016_gfast	3d	hypocentral	median	6	7.464558	7.227135	7.607086	0.464558	0.464558	0.390100	0.467888							
us-us7000f93v-m7-20210908-acapulco-mexico	us7000f93v	2021-09-08T01:47:47.437Z	Mexico	Acapulco, Mexico	7.000000	20.000000	ruhl_2019	3d	hypocentral	median	6	6.916642	6.620203	7.109856	-0.083358	0.083358	-0.149555	0.326024							
us-us7000gavu-m6-8-20220111-100-km-se-of-nikolski-alaska	us7000gavu	2022-01-11T11:35:43.674000Z	United States	100 km SE of Nikolski, Alaska	6.800000	20.000000	melgar_2015	3d	hypocentral	median	1	6.969815	6.969815	6.969815	0.169815	0.169815	0.169815	0.169815							
us-us7000gavu-m6-8-20220111-100-km-se-of-nikolski-alaska	us7000gavu	2022-01-11T11:35:43.674000Z	United States	100 km SE of Nikolski, Alaska	6.800000	20.000000	crowell_2016_gfast	3d	hypocentral	median	1	7.123158	7.123158	7.123158	0.323158	0.323158	0.323158	0.323158							
us-us7000gavu-m6-8-20220111-100-km-se-of-nikolski-alaska	us7000gavu	2022-01-11T11:35:43.674000Z	United States	100 km SE of Nikolski, Alaska	6.800000	20.000000	ruhl_2019	3d	hypocentral	median	1	6.758034	6.758034	6.758034	-0.041966	0.041966	-0.041966	0.041966							
us-us7000gawk-m6-6-20220111-53-km-se-of-nikolski-alaska	us7000gawk	2022-01-11T12:39:32.454000Z	United States	53 km SE of Nikolski, Alaska	6.600000	19.000000	melgar_2015	3d	hypocentral	median	1	6.369947	6.369947	6.369947	-0.230053	0.230053	-0.230053	0.230053							
us-us7000gawk-m6-6-20220111-53-km-se-of-nikolski-alaska	us7000gawk	2022-01-11T12:39:32.454000Z	United States	53 km SE of Nikolski, Alaska	6.600000	19.000000	crowell_2016_gfast	3d	hypocentral	median	1	6.571352	6.571352	6.571352	-0.028648	0.028648	-0.028648	0.028648							
us-us7000gawk-m6-6-20220111-53-km-se-of-nikolski-alaska	us7000gawk	2022-01-11T12:39:32.454000Z	United States	53 km SE of Nikolski, Alaska	6.600000	19.000000	ruhl_2019	3d	hypocentral	median	1	6.112092	6.112092	6.112092	-0.487908	0.487908	-0.487908	0.487908							
us-us7000ge5q-m6-2-20220122-71-km-s-of-unalaska-alaska	us7000ge5q	2022-01-22T05:17:04.896000Z	United States	71 km S of Unalaska, Alaska	6.200000	29.000000	melgar_2015	3d	hypocentral	median	1	6.930710	6.930710	6.930710	0.730710	0.730710	0.730710	0.730710							
us-us7000ge5q-m6-2-20220122-71-km-s-of-unalaska-alaska	us7000ge5q	2022-01-22T05:17:04.896000Z	United States	71 km S of Unalaska, Alaska	6.200000	29.000000	crowell_2016_gfast	3d	hypocentral	median	1	7.183184	7.183184	7.183184	0.983184	0.983184	0.983184	0.983184							
us-us7000ge5q-m6-2-20220122-71-km-s-of-unalaska-alaska	us7000ge5q	2022-01-22T05:17:04.896000Z	United States	71 km S of Unalaska, Alaska	6.200000	29.000000	ruhl_2019	3d	hypocentral	median	1	6.720155	6.720155	6.720155	0.520155	0.520155	0.520155	0.520155							
us-us7000i9bw-m7-6-20220919-35-km-ssw-of-aguililla-mexico	us7000i9bw	2022-09-19T18:05:08.217Z	Mexico	35 km SSW of Aguililla, Mexico	7.600000	26.943000	melgar_2015	3d	hypocentral	median	11	7.618680	7.215545	7.702065	0.018680	0.018680	-0.061635	0.294050							
us-us7000i9bw-m7-6-20220919-35-km-ssw-of-aguililla-mexico	us7000i9bw	2022-09-19T18:05:08.217Z	Mexico	35 km SSW of Aguililla, Mexico	7.600000	26.943000	crowell_2016_gfast	3d	hypocentral	median	11	7.737026	7.363182	7.820880	0.137026	0.137026	0.071465	0.266637							
us-us7000i9bw-m7-6-20220919-35-km-ssw-of-aguililla-mexico	us7000i9bw	2022-09-19T18:05:08.217Z	Mexico	35 km SSW of Aguililla, Mexico	7.600000	26.943000	ruhl_2019	3d	hypocentral	median	11	7.465370	7.019421	7.552491	-0.134630	0.134630	-0.221548	0.383146							
us-us7000ia36-m6-8-20220922-55-km-ssw-of-aguililla-mexico	us7000ia36	2022-09-22T06:16:09.459Z	Mexico	55 km SSW of Aguililla, Mexico	6.800000	20.000000	melgar_2015	3d	hypocentral	median	8	7.050720	6.706078	7.173197	0.250720	0.250720	0.153017	0.297089							
us-us7000ia36-m6-8-20220922-55-km-ssw-of-aguililla-mexico	us7000ia36	2022-09-22T06:16:09.459Z	Mexico	55 km SSW of Aguililla, Mexico	6.800000	20.000000	crowell_2016_gfast	3d	hypocentral	median	8	7.331379	6.971534	7.435873	0.531379	0.531379	0.431226	0.511371							
us-us7000ia36-m6-8-20220922-55-km-ssw-of-aguililla-mexico	us7000ia36	2022-09-22T06:16:09.459Z	Mexico	55 km SSW of Aguililla, Mexico	6.800000	20.000000	ruhl_2019	3d	hypocentral	median	8	6.852153	6.476712	6.985677	0.052153	0.052153	-0.053392	0.282283							
us-us7000imgl-m6-1-20221104-82-km-ssw-of-bah-a-de-kino-mexico	us7000imgl	2022-11-04T10:02:46.346Z	Mexico	82 km SSW of Bahía de Kino, Mexico	6.100000	10.000000	melgar_2015	3d	hypocentral	median	1	6.859002	6.859002	6.859002	0.759002	0.759002	0.759002	0.759002							
us-us7000imgl-m6-1-20221104-82-km-ssw-of-bah-a-de-kino-mexico	us7000imgl	2022-11-04T10:02:46.346Z	Mexico	82 km SSW of Bahía de Kino, Mexico	6.100000	10.000000	crowell_2016_gfast	3d	hypocentral	median	1	7.155779	7.155779	7.155779	1.055779	1.055779	1.055779	1.055779							
us-us7000imgl-m6-1-20221104-82-km-ssw-of-bah-a-de-kino-mexico	us7000imgl	2022-11-04T10:02:46.346Z	Mexico	82 km SSW of Bahía de Kino, Mexico	6.100000	10.000000	ruhl_2019	3d	hypocentral	median	1	6.643984	6.643984	6.643984	0.543984	0.543984	0.543984	0.543984							
us-us7000irjd-m6-2-20221122-28-km-sw-of-las-brisas-mexico	us7000irjd	2022-11-22T16:39:05.789Z	Mexico	28 km SW of Las Brisas, Mexico	6.200000	10.000000	melgar_2015	3d	hypocentral	median	49	7.176297	7.076086	7.293134	0.976297	0.976297	0.972487	0.981727							
us-us7000irjd-m6-2-20221122-28-km-sw-of-las-brisas-mexico	us7000irjd	2022-11-22T16:39:05.789Z	Mexico	28 km SW of Las Brisas, Mexico	6.200000	10.000000	crowell_2016_gfast	3d	hypocentral	median	49	7.509168	7.393701	7.579473	1.309168	1.309168	1.291742	1.298195							
us-us7000irjd-m6-2-20221122-28-km-sw-of-las-brisas-mexico	us7000irjd	2022-11-22T16:39:05.789Z	Mexico	28 km SW of Las Brisas, Mexico	6.200000	10.000000	ruhl_2019	3d	hypocentral	median	49	6.993871	6.884100	7.118238	0.793871	0.793871	0.788317	0.801818							
us-us7000kfnc-m6-3-20230714-offshore-chiapas-mexico	us7000kfnc	2023-07-14T09:29:00.404Z	Mexico	Offshore Chiapas, Mexico	6.300000	34.000000	melgar_2015	3d	hypocentral	median	1	7.179377	7.179377	7.179377	0.879377	0.879377	0.879377	0.879377							
us-us7000kfnc-m6-3-20230714-offshore-chiapas-mexico	us7000kfnc	2023-07-14T09:29:00.404Z	Mexico	Offshore Chiapas, Mexico	6.300000	34.000000	crowell_2016_gfast	3d	hypocentral	median	1	7.484565	7.484565	7.484565	1.184565	1.184565	1.184565	1.184565							
us-us7000kfnc-m6-3-20230714-offshore-chiapas-mexico	us7000kfnc	2023-07-14T09:29:00.404Z	Mexico	Offshore Chiapas, Mexico	6.300000	34.000000	ruhl_2019	3d	hypocentral	median	1	6.994921	6.994921	6.994921	0.694921	0.694921	0.694921	0.694921							
us-us7000kg30-m7-2-20230716-2023-sand-point-alaska-earthquake	us7000kg30	2023-07-16T06:48:21.158000Z	United States	2023 Sand Point, Alaska Earthquake	7.200000	25.000000	melgar_2015	3d	hypocentral	median	7	6.850197	6.793726	7.016468	-0.349803	0.349803	-0.354956	0.403295							
us-us7000kg30-m7-2-20230716-2023-sand-point-alaska-earthquake	us7000kg30	2023-07-16T06:48:21.158000Z	United States	2023 Sand Point, Alaska Earthquake	7.200000	25.000000	crowell_2016_gfast	3d	hypocentral	median	7	7.128984	7.009663	7.234951	-0.071016	0.071016	-0.114388	0.205473							
us-us7000kg30-m7-2-20230716-2023-sand-point-alaska-earthquake	us7000kg30	2023-07-16T06:48:21.158000Z	United States	2023 Sand Point, Alaska Earthquake	7.200000	25.000000	ruhl_2019	3d	hypocentral	median	7	6.636488	6.569691	6.806909	-0.563512	0.563512	-0.573424	0.609377							
us-us7000n068-m6-20240719-168-km-sw-of-nikolski-alaska	us7000n068	2024-07-19T03:13:47.417000Z	United States	168 km SW of Nikolski, Alaska	6.000000	40.972000	melgar_2015	3d	hypocentral	median	1	6.996032	6.996032	6.996032	0.996032	0.996032	0.996032	0.996032							
us-us7000n068-m6-20240719-168-km-sw-of-nikolski-alaska	us7000n068	2024-07-19T03:13:47.417000Z	United States	168 km SW of Nikolski, Alaska	6.000000	40.972000	crowell_2016_gfast	3d	hypocentral	median	1	7.267395	7.267395	7.267395	1.267395	1.267395	1.267395	1.267395							
us-us7000n068-m6-20240719-168-km-sw-of-nikolski-alaska	us7000n068	2024-07-19T03:13:47.417000Z	United States	168 km SW of Nikolski, Alaska	6.000000	40.972000	ruhl_2019	3d	hypocentral	median	1	6.792317	6.792317	6.792317	0.792317	0.792317	0.792317	0.792317							
us-us7000np33-m6-20241030-267-km-w-of-bandon-oregon	us7000np33	2024-10-30T20:15:20.095000Z	United States	267 km W of Bandon, Oregon	6.000000	10.000000	melgar_2015	3d	hypocentral	median	6	7.562712	7.241698	7.875662	1.562712	1.562712	1.518687	1.564954							
us-us7000np33-m6-20241030-267-km-w-of-bandon-oregon	us7000np33	2024-10-30T20:15:20.095000Z	United States	267 km W of Bandon, Oregon	6.000000	10.000000	crowell_2016_gfast	3d	hypocentral	median	6	7.801273	7.584035	8.021302	1.801273	1.801273	1.770904	1.790326							
us-us7000np33-m6-20241030-267-km-w-of-bandon-oregon	us7000np33	2024-10-30T20:15:20.095000Z	United States	267 km W of Bandon, Oregon	6.000000	10.000000	ruhl_2019	3d	hypocentral	median	6	7.412655	7.065652	7.751406	1.412655	1.412655	1.364937	1.424833							
us-us7000nx3z-m6-3-20241208-108-km-ssw-of-adak-alaska	us7000nx3z	2024-12-08T19:57:08.602000Z	United States	108 km SSW of Adak, Alaska	6.300000	18.000000	melgar_2015	3d	hypocentral	median	2	6.602618	6.457740	6.747496	0.302618	0.302618	0.302618	0.370095							
us-us7000nx3z-m6-3-20241208-108-km-ssw-of-adak-alaska	us7000nx3z	2024-12-08T19:57:08.602000Z	United States	108 km SSW of Adak, Alaska	6.300000	18.000000	crowell_2016_gfast	3d	hypocentral	median	2	6.965678	6.794735	7.136621	0.665678	0.665678	0.665678	0.711563							
us-us7000nx3z-m6-3-20241208-108-km-ssw-of-adak-alaska	us7000nx3z	2024-12-08T19:57:08.602000Z	United States	108 km SSW of Adak, Alaska	6.300000	18.000000	ruhl_2019	3d	hypocentral	median	2	6.368419	6.210214	6.526623	0.068419	0.068419	0.068419	0.242505							
us-us7000pllu-m6-2-20250321-88-km-sse-of-adak-alaska	us7000pllu	2025-03-21T14:53:41.774000Z	United States	88 km SSE of Adak, Alaska	6.200000	17.000000	melgar_2015	3d	hypocentral	median	1	7.230966	7.230966	7.230966	1.030966	1.030966	1.030966	1.030966							
us-us7000pllu-m6-2-20250321-88-km-sse-of-adak-alaska	us7000pllu	2025-03-21T14:53:41.774000Z	United States	88 km SSE of Adak, Alaska	6.200000	17.000000	crowell_2016_gfast	3d	hypocentral	median	1	7.436600	7.436600	7.436600	1.236600	1.236600	1.236600	1.236600							
us-us7000pllu-m6-2-20250321-88-km-sse-of-adak-alaska	us7000pllu	2025-03-21T14:53:41.774000Z	United States	88 km SSE of Adak, Alaska	6.200000	17.000000	ruhl_2019	3d	hypocentral	median	1	7.045667	7.045667	7.045667	0.845667	0.845667	0.845667	0.845667							
us-us7000qe51-m6-2-20250720-91-km-sse-of-sand-point-alaska	us7000qe51	2025-07-20T22:28:00.041000Z	United States	91 km SSE of Sand Point, Alaska	6.200000	40.000000	melgar_2015	3d	hypocentral	median	6	6.719908	6.582424	7.009848	0.519908	0.519908	0.553033	0.603840							
us-us7000qe51-m6-2-20250720-91-km-sse-of-sand-point-alaska	us7000qe51	2025-07-20T22:28:00.041000Z	United States	91 km SSE of Sand Point, Alaska	6.200000	40.000000	crowell_2016_gfast	3d	hypocentral	median	6	6.986251	6.759504	7.262416	0.786251	0.786251	0.786496	0.835086							
us-us7000qe51-m6-2-20250720-91-km-sse-of-sand-point-alaska	us7000qe51	2025-07-20T22:28:00.041000Z	United States	91 km SSE of Sand Point, Alaska	6.200000	40.000000	ruhl_2019	3d	hypocentral	median	6	6.490634	6.341668	6.806514	0.290634	0.290634	0.327345	0.420450							
us-us7000rm3k-m6-5-20260102-0-km-w-of-san-marcos-mexico	us7000rm3k	2026-01-02T13:58:15.741Z	Mexico	0 km W of San Marcos, Mexico	6.500000	18.000000	melgar_2015	3d	hypocentral	median	1	6.835595	6.835595	6.835595	0.335595	0.335595	0.335595	0.335595							
us-us7000rm3k-m6-5-20260102-0-km-w-of-san-marcos-mexico	us7000rm3k	2026-01-02T13:58:15.741Z	Mexico	0 km W of San Marcos, Mexico	6.500000	18.000000	crowell_2016_gfast	3d	hypocentral	median	1	7.193681	7.193681	7.193681	0.693681	0.693681	0.693681	0.693681							
us-us7000rm3k-m6-5-20260102-0-km-w-of-san-marcos-mexico	us7000rm3k	2026-01-02T13:58:15.741Z	Mexico	0 km W of San Marcos, Mexico	6.500000	18.000000	ruhl_2019	3d	hypocentral	median	1	6.621048	6.621048	6.621048	0.121048	0.121048	0.121048	0.121048							
us-us7000rq0d-m6-20260116-off-the-coast-of-oregon	us7000rq0d	2026-01-16T03:25:53.034000Z	United States	off the coast of Oregon	6.000000	10.000000	melgar_2015	3d	hypocentral	median	1	6.837880	6.837880	6.837880	0.837880	0.837880	0.837880	0.837880							
us-us7000rq0d-m6-20260116-off-the-coast-of-oregon	us7000rq0d	2026-01-16T03:25:53.034000Z	United States	off the coast of Oregon	6.000000	10.000000	crowell_2016_gfast	3d	hypocentral	median	1	7.292924	7.292924	7.292924	1.292924	1.292924	1.292924	1.292924							
us-us7000rq0d-m6-20260116-off-the-coast-of-oregon	us7000rq0d	2026-01-16T03:25:53.034000Z	United States	off the coast of Oregon	6.000000	10.000000	ruhl_2019	3d	hypocentral	median	1	6.627617	6.627617	6.627617	0.627617	0.627617	0.627617	0.627617							
us-usb000jdt7-m7-20130830-101-km-sw-of-atka-alaska	usb000jdt7	2013-08-30T16:25:02.300000Z	United States	101 km SW of Atka, Alaska	7.000000	29.000000	melgar_2015	3d	hypocentral	median	1	6.915072	6.915072	6.915072	-0.084928	0.084928	-0.084928	0.084928							
us-usb000jdt7-m7-20130830-101-km-sw-of-atka-alaska	usb000jdt7	2013-08-30T16:25:02.300000Z	United States	101 km SW of Atka, Alaska	7.000000	29.000000	crowell_2016_gfast	3d	hypocentral	median	1	7.089885	7.089885	7.089885	0.089885	0.089885	0.089885	0.089885							
us-usb000jdt7-m7-20130830-101-km-sw-of-atka-alaska	usb000jdt7	2013-08-30T16:25:02.300000Z	United States	101 km SW of Atka, Alaska	7.000000	29.000000	ruhl_2019	3d	hypocentral	median	1	6.699587	6.699587	6.699587	-0.300413	0.300413	-0.300413	0.300413							
us-usb000je9f-m6-20130831-118-km-ssw-of-atka-alaska	usb000je9f	2013-08-31T06:38:36.350000Z	United States	118 km SSW of Atka, Alaska	6.000000	18.000000	melgar_2015	3d	hypocentral	median	1	6.951917	6.951917	6.951917	0.951917	0.951917	0.951917	0.951917							
us-usb000je9f-m6-20130831-118-km-ssw-of-atka-alaska	usb000je9f	2013-08-31T06:38:36.350000Z	United States	118 km SSW of Atka, Alaska	6.000000	18.000000	crowell_2016_gfast	3d	hypocentral	median	1	7.144964	7.144964	7.144964	1.144964	1.144964	1.144964	1.144964							
us-usb000je9f-m6-20130831-118-km-ssw-of-atka-alaska	usb000je9f	2013-08-31T06:38:36.350000Z	United States	118 km SSW of Atka, Alaska	6.000000	18.000000	ruhl_2019	3d	hypocentral	median	1	6.740469	6.740469	6.740469	0.740469	0.740469	0.740469	0.740469							
us-usb000jgju-m6-5-20130904-81-km-ssw-of-atka-alaska	usb000jgju	2013-09-04T02:32:30.600000Z	United States	81 km SSW of Atka, Alaska	6.500000	20.000000	melgar_2015	3d	hypocentral	median	1	6.518052	6.518052	6.518052	0.018052	0.018052	0.018052	0.018052							
us-usb000jgju-m6-5-20130904-81-km-ssw-of-atka-alaska	usb000jgju	2013-09-04T02:32:30.600000Z	United States	81 km SSW of Atka, Alaska	6.500000	20.000000	crowell_2016_gfast	3d	hypocentral	median	1	6.752479	6.752479	6.752479	0.252479	0.252479	0.252479	0.252479							
us-usb000jgju-m6-5-20130904-81-km-ssw-of-atka-alaska	usb000jgju	2013-09-04T02:32:30.600000Z	United States	81 km SSW of Atka, Alaska	6.500000	20.000000	ruhl_2019	3d	hypocentral	median	1	6.272172	6.272172	6.272172	-0.227828	0.227828	-0.227828	0.227828							
us-usb000jguz-m6-20130904-82-km-ssw-of-atka-alaska	usb000jguz	2013-09-04T06:27:03.560000Z	United States	82 km SSW of Atka, Alaska	6.000000	17.000000	melgar_2015	3d	hypocentral	median	1	6.340737	6.340737	6.340737	0.340737	0.340737	0.340737	0.340737							
us-usb000jguz-m6-20130904-82-km-ssw-of-atka-alaska	usb000jguz	2013-09-04T06:27:03.560000Z	United States	82 km SSW of Atka, Alaska	6.000000	17.000000	crowell_2016_gfast	3d	hypocentral	median	1	6.627127	6.627127	6.627127	0.627127	0.627127	0.627127	0.627127							
us-usb000jguz-m6-20130904-82-km-ssw-of-atka-alaska	usb000jguz	2013-09-04T06:27:03.560000Z	United States	82 km SSW of Atka, Alaska	6.000000	17.000000	ruhl_2019	3d	hypocentral	median	1	6.082380	6.082380	6.082380	0.082380	0.082380	0.082380	0.082380							
us-usb000rtp6-m6-0-20140717-90-km-nnw-of-yakutat-alaska	usb000rtp6	2014-07-17T11:49:33.930000Z	United States	90 km NNW of Yakutat, Alaska	6.000000	10.000000	melgar_2015	3d	hypocentral	median	2	6.789191	6.604188	6.974193	0.789191	0.789191	0.789191	0.834769							
us-usb000rtp6-m6-0-20140717-90-km-nnw-of-yakutat-alaska	usb000rtp6	2014-07-17T11:49:33.930000Z	United States	90 km NNW of Yakutat, Alaska	6.000000	10.000000	crowell_2016_gfast	3d	hypocentral	median	2	7.036077	6.891650	7.180504	1.036077	1.036077	1.036077	1.057623							
us-usb000rtp6-m6-0-20140717-90-km-nnw-of-yakutat-alaska	usb000rtp6	2014-07-17T11:49:33.930000Z	United States	90 km NNW of Yakutat, Alaska	6.000000	10.000000	ruhl_2019	3d	hypocentral	median	2	6.566179	6.366911	6.765447	0.566179	0.566179	0.566179	0.637520							
us-usc000juwv-m6-1-20130915-77-km-ssw-of-atka-alaska	usc000juwv	2013-09-15T16:21:37.150000Z	United States	77 km SSW of Atka, Alaska	6.100000	24.020000	melgar_2015	3d	hypocentral	median	1	6.879867	6.879867	6.879867	0.779867	0.779867	0.779867	0.779867							
us-usc000juwv-m6-1-20130915-77-km-ssw-of-atka-alaska	usc000juwv	2013-09-15T16:21:37.150000Z	United States	77 km SSW of Atka, Alaska	6.100000	24.020000	crowell_2016_gfast	3d	hypocentral	median	1	7.006560	7.006560	7.006560	0.906560	0.906560	0.906560	0.906560							
us-usc000juwv-m6-1-20130915-77-km-ssw-of-atka-alaska	usc000juwv	2013-09-15T16:21:37.150000Z	United States	77 km SSW of Atka, Alaska	6.100000	24.020000	ruhl_2019	3d	hypocentral	median	1	6.659269	6.659269	6.659269	0.559269	0.559269	0.559269	0.559269							
us-usc000m1w9-m6-4-20140113-61-km-n-of-hatillo-puerto-rico	usc000m1w9	2014-01-13T04:01:03.240000Z	United States	61 km N of Hatillo, Puerto Rico	6.400000	20.000000	melgar_2015	3d	hypocentral	median	2	7.119014	7.084763	7.153265	0.719014	0.719014	0.719014	0.720776							
us-usc000m1w9-m6-4-20140113-61-km-n-of-hatillo-puerto-rico	usc000m1w9	2014-01-13T04:01:03.240000Z	United States	61 km N of Hatillo, Puerto Rico	6.400000	20.000000	crowell_2016_gfast	3d	hypocentral	median	2	7.223034	7.198887	7.247182	0.823034	0.823034	0.823034	0.823800							
us-usc000m1w9-m6-4-20140113-61-km-n-of-hatillo-puerto-rico	usc000m1w9	2014-01-13T04:01:03.240000Z	United States	61 km N of Hatillo, Puerto Rico	6.400000	20.000000	ruhl_2019	3d	hypocentral	median	2	6.917674	6.880971	6.954377	0.517674	0.517674	0.517674	0.520480							
us-usc000myqq-m6-1-20140226-210-km-wnw-of-nikolski-alaska	usc000myqq	2014-02-26T21:13:40.110000Z	United States	210 km WNW of Nikolski, Alaska	6.100000	265.000000	melgar_2015	3d	hypocentral	median	2	7.355494	7.238895	7.472093	1.255494	1.255494	1.255494	1.267149							
us-usc000myqq-m6-1-20140226-210-km-wnw-of-nikolski-alaska	usc000myqq	2014-02-26T21:13:40.110000Z	United States	210 km WNW of Nikolski, Alaska	6.100000	265.000000	crowell_2016_gfast	3d	hypocentral	median	2	7.707885	7.620576	7.795194	1.607885	1.607885	1.607885	1.613004							
us-usc000myqq-m6-1-20140226-210-km-wnw-of-nikolski-alaska	usc000myqq	2014-02-26T21:13:40.110000Z	United States	210 km WNW of Nikolski, Alaska	6.100000	265.000000	ruhl_2019	3d	hypocentral	median	2	7.191828	7.064942	7.318715	1.091828	1.091828	1.091828	1.107659							
us-usp000jhpg-m6-20120411-266-km-w-of-bandon-oregon	usp000jhpg	2012-04-11T22:41:46.040000Z	United States	266 km W of Bandon, Oregon	6.000000	8.000000	melgar_2015	3d	hypocentral	median	5	7.015605	6.931141	7.331320	1.015605	1.015605	1.124966	1.153988							
us-usp000jhpg-m6-20120411-266-km-w-of-bandon-oregon	usp000jhpg	2012-04-11T22:41:46.040000Z	United States	266 km W of Bandon, Oregon	6.000000	8.000000	crowell_2016_gfast	3d	hypocentral	median	5	7.398547	7.344005	7.630678	1.398547	1.398547	1.481791	1.494504							
us-usp000jhpg-m6-20120411-266-km-w-of-bandon-oregon	usp000jhpg	2012-04-11T22:41:46.040000Z	United States	266 km W of Bandon, Oregon	6.000000	8.000000	ruhl_2019	3d	hypocentral	median	5	6.819285	6.728074	7.161815	0.819285	0.819285	0.938126	0.978829							
us-usp000jt0h-m6-4-20120926-118-km-wsw-of-adak-alaska	usp000jt0h	2012-09-26T23:39:55.110000Z	United States	118 km WSW of Adak, Alaska	6.400000	16.000000	melgar_2015	3d	hypocentral	median	2	7.060988	6.887299	7.234677	0.660988	0.660988	0.660988	0.708623							
us-usp000jt0h-m6-4-20120926-118-km-wsw-of-adak-alaska	usp000jt0h	2012-09-26T23:39:55.110000Z	United States	118 km WSW of Adak, Alaska	6.400000	16.000000	crowell_2016_gfast	3d	hypocentral	median	2	7.332761	7.129178	7.536345	0.932761	0.932761	0.932761	0.979631							
us-usp000jt0h-m6-4-20120926-118-km-wsw-of-adak-alaska	usp000jt0h	2012-09-26T23:39:55.110000Z	United States	118 km WSW of Adak, Alaska	6.400000	16.000000	ruhl_2019	3d	hypocentral	median	2	6.864652	6.673119	7.056186	0.464652	0.464652	0.464652	0.543358							
us-usp000jwyb-m6-3-20121214-279-km-ssw-of-avalon-california	usp000jwyb	2012-12-14T10:36:01.590000Z	United States	279 km SSW of Avalon, California	6.300000	13.000000	melgar_2015	3d	hypocentral	median	2	7.312530	7.204961	7.420100	1.012530	1.012530	1.012530	1.024813							
us-usp000jwyb-m6-3-20121214-279-km-ssw-of-avalon-california	usp000jwyb	2012-12-14T10:36:01.590000Z	United States	279 km SSW of Avalon, California	6.300000	13.000000	crowell_2016_gfast	3d	hypocentral	median	2	7.622304	7.540451	7.704158	1.322304	1.322304	1.322304	1.327772							
us-usp000jwyb-m6-3-20121214-279-km-ssw-of-avalon-california	usp000jwyb	2012-12-14T10:36:01.590000Z	United States	279 km SSW of Avalon, California	6.300000	13.000000	ruhl_2019	3d	hypocentral	median	2	7.141702	7.024822	7.258581	0.841702	0.841702	0.841702	0.859072							
